nuclei	File	Nuclei	n_pairs	DonorFile	AcceptorFile	FretFile	X_A	Y_A	Z_A	x	y	z	Channel	Fret	Acceptor	Donor	Pair	dilation	version	xi	yi	zi	cell_ID	lamin_dist	lamin_dist_norm	centr_dist	centr_dist_norm	compartment	xnorm	ynorm	znorm	G1	Allele	angle
17	6	1	2	/home/xiaoze/Desktop/user_folders/Xiaoze/FRET-FISH/iAM746_20220406_001/a488_006.tif	/home/xiaoze/Desktop/user_folders/Xiaoze/FRET-FISH/iAM746_20220406_001/a594_006.tif	/home/xiaoze/Desktop/user_folders/Xiaoze/FRET-FISH/iAM746_20220406_001/a488fret_006.tif	219	592	9	217.0	595.0	10.0	a488	4010	2395	13244	1	5	7.0.2	217	595	10	1.0	2180.0	0.45448489455911545	2616.63906567184	0.5455151054408846	2.0	0.5538045164712875	0.5350473018570954	-0.4242681107724236	0.0	1.0	136.03159928442275
17	6	1	2	/home/xiaoze/Desktop/user_folders/Xiaoze/FRET-FISH/iAM746_20220406_001/a488_006.tif	/home/xiaoze/Desktop/user_folders/Xiaoze/FRET-FISH/iAM746_20220406_001/a594_006.tif	/home/xiaoze/Desktop/user_folders/Xiaoze/FRET-FISH/iAM746_20220406_001/a488fret_006.tif	153	516	12	145.0	515.0	11.0	a488	3819	3923	6773	2	5	7.0.2	145	515	11	1.0	2180.3669415949234	0.4414844067878267	2758.3509566405796	0.5585155932121733	2.0	-0.7544482088421243	-0.08432373209846442	-0.3742681107724236	0.0	2.0	136.03159928442275
20	7	2	2	/home/xiaoze/Desktop/user_folders/Xiaoze/FRET-FISH/iAM746_20220406_001/a488_007.tif	/home/xiaoze/Desktop/user_folders/Xiaoze/FRET-FISH/iAM746_20220406_001/a594_007.tif	/home/xiaoze/Desktop/user_folders/Xiaoze/FRET-FISH/iAM746_20220406_001/a488fret_007.tif	521	509	25	520.0	508.0	21.0	a488	5935	8217	6413	1	5	7.0.2	520	508	21	3.0	650.0	0.13044317262651564	4333.012808658659	0.8695568273734844	0.0	-0.36799332557613745	-0.24901053326298558	0.006925096486723703	0.0	2.0	82.91798509030949
20	7	2	2	/home/xiaoze/Desktop/user_folders/Xiaoze/FRET-FISH/iAM746_20220406_001/a488_007.tif	/home/xiaoze/Desktop/user_folders/Xiaoze/FRET-FISH/iAM746_20220406_001/a594_007.tif	/home/xiaoze/Desktop/user_folders/Xiaoze/FRET-FISH/iAM746_20220406_001/a488fret_007.tif	558	516	16	557.0	522.0	15.0	a488	4443	4712	10053	2	5	7.0.2	557	522	15	3.0	627.8534860936904	0.13334495643416883	4080.637205143334	0.8666550435658311	1.0	-0.3110278460122827	0.7364157468737462	-0.2930749035132763	0.0	1.0	82.91798509030949
21	7	3	2	/home/xiaoze/Desktop/user_folders/Xiaoze/FRET-FISH/iAM746_20220406_001/a488_007.tif	/home/xiaoze/Desktop/user_folders/Xiaoze/FRET-FISH/iAM746_20220406_001/a594_007.tif	/home/xiaoze/Desktop/user_folders/Xiaoze/FRET-FISH/iAM746_20220406_001/a488fret_007.tif	835	597	11	835.0	595.0	10.0	a488	3035	2551	4756	1	5	7.0.2	835	595	10	5.0	2184.3305610644193	0.7531598793513855	715.8910531638177	0.2468401206486145	1.0	0.06085991839997275	0.5295947910935539	-0.2918334267921591	0.0	1.0	117.24082456057886
21	7	3	2	/home/xiaoze/Desktop/user_folders/Xiaoze/FRET-FISH/iAM746_20220406_001/a488_007.tif	/home/xiaoze/Desktop/user_folders/Xiaoze/FRET-FISH/iAM746_20220406_001/a594_007.tif	/home/xiaoze/Desktop/user_folders/Xiaoze/FRET-FISH/iAM746_20220406_001/a488fret_007.tif	788	621	12	786.0	620.0	8.0	a488	3586	3522	5003	2	5	7.0.2	786	620	8	5.0	1972.9419656948858	0.4820323898080795	2120.023584774471	0.5179676101919205	1.0	-0.2866865759883497	-0.41352601751368523	-0.39709658468689596	0.0	2.0	117.24082456057886
22	7	4	2	/home/xiaoze/Desktop/user_folders/Xiaoze/FRET-FISH/iAM746_20220406_001/a488_007.tif	/home/xiaoze/Desktop/user_folders/Xiaoze/FRET-FISH/iAM746_20220406_001/a594_007.tif	/home/xiaoze/Desktop/user_folders/Xiaoze/FRET-FISH/iAM746_20220406_001/a488fret_007.tif	586	657	15	585.0	659.0	16.0	a488	3192	1750	8397	1	5	7.0.2	585	659	16	4.0	835.7032966310471	0.16482673459398037	4234.489343474606	0.8351732654060197	2.0	-0.6375105506382783	-0.5766270960269813	-0.1108909794502269	0.0	2.0	22.645163298193157
22	7	4	2	/home/xiaoze/Desktop/user_folders/Xiaoze/FRET-FISH/iAM746_20220406_001/a488_007.tif	/home/xiaoze/Desktop/user_folders/Xiaoze/FRET-FISH/iAM746_20220406_001/a594_007.tif	/home/xiaoze/Desktop/user_folders/Xiaoze/FRET-FISH/iAM746_20220406_001/a488fret_007.tif	599	660	25	602.0	660.0	22.0	a488	3803	1805	6339	2	5	7.0.2	602	660	22	4.0	2109.075626903881	0.42527205004295715	2850.2806879323307	0.5747279499570428	2.0	-0.6109582838636448	-0.26041795223033504	0.1891090205497731	0.0	1.0	22.645163298193157
23	7	5	2	/home/xiaoze/Desktop/user_folders/Xiaoze/FRET-FISH/iAM746_20220406_001/a488_007.tif	/home/xiaoze/Desktop/user_folders/Xiaoze/FRET-FISH/iAM746_20220406_001/a594_007.tif	/home/xiaoze/Desktop/user_folders/Xiaoze/FRET-FISH/iAM746_20220406_001/a488fret_007.tif	210	654	12	212.0	657.0	9.0	a488	5432	9908	10297	1	5	7.0.2	212	657	9	2.0	1090.1834707974617	0.2786672714347818	2821.949680628625	0.7213327285652182	2.0	0.7923543340256449	0.3240770358675317	-0.5112004419100549	0.0	1.0	135.47969604571531
23	7	5	2	/home/xiaoze/Desktop/user_folders/Xiaoze/FRET-FISH/iAM746_20220406_001/a488_007.tif	/home/xiaoze/Desktop/user_folders/Xiaoze/FRET-FISH/iAM746_20220406_001/a594_007.tif	/home/xiaoze/Desktop/user_folders/Xiaoze/FRET-FISH/iAM746_20220406_001/a488fret_007.tif	144	681	25	142.0	685.0	26.0	a488	4506	4108	5888	2	5	7.0.2	142	685	26	2.0	390.0	0.09300839819359362	3803.169730632594	0.9069916018064064	0.0	-0.3018693525281485	0.18653851735014262	0.3387995580899451	0.0	2.0	135.47969604571531
24	8	1	2	/home/xiaoze/Desktop/user_folders/Xiaoze/FRET-FISH/iAM746_20220406_001/a488_008.tif	/home/xiaoze/Desktop/user_folders/Xiaoze/FRET-FISH/iAM746_20220406_001/a594_008.tif	/home/xiaoze/Desktop/user_folders/Xiaoze/FRET-FISH/iAM746_20220406_001/a488fret_008.tif	383	187	20	381.0	182.0	21.0	a488	3718	6100	4943	1	5	7.0.2	381	182	21	2.0	2396.83124145193	1.0	0.0	0.0	2.0	0.6315398841047775	0.1366139606832042	0.19316032949113637	0.0	1.0	127.08951514642222
24	8	1	2	/home/xiaoze/Desktop/user_folders/Xiaoze/FRET-FISH/iAM746_20220406_001/a488_008.tif	/home/xiaoze/Desktop/user_folders/Xiaoze/FRET-FISH/iAM746_20220406_001/a594_008.tif	/home/xiaoze/Desktop/user_folders/Xiaoze/FRET-FISH/iAM746_20220406_001/a488fret_008.tif	343	128	12	343.0	122.0	13.0	a488	3989	7313	7173	2	5	7.0.2	343	122	13	2.0	936.8030742904295	0.1863326031454407	4090.782321268146	0.8136673968545594	1.0	-0.14965905634753668	-0.3559880857369207	-0.20683967050886362	0.0	2.0	127.08951514642222
25	8	2	2	/home/xiaoze/Desktop/user_folders/Xiaoze/FRET-FISH/iAM746_20220406_001/a488_008.tif	/home/xiaoze/Desktop/user_folders/Xiaoze/FRET-FISH/iAM746_20220406_001/a594_008.tif	/home/xiaoze/Desktop/user_folders/Xiaoze/FRET-FISH/iAM746_20220406_001/a488fret_008.tif	789	306	26	792.0	302.0	27.0	a488	4419	4086	5124	1	5	7.0.2	792	302	27	5.0	4500.0	0.9375	300.0	0.0625	0.0	-0.02289689552564247	0.031063591494662174	0.4042315438457475	0.0	0.0	
25	8	2	2	/home/xiaoze/Desktop/user_folders/Xiaoze/FRET-FISH/iAM746_20220406_001/a488_008.tif	/home/xiaoze/Desktop/user_folders/Xiaoze/FRET-FISH/iAM746_20220406_001/a594_008.tif	/home/xiaoze/Desktop/user_folders/Xiaoze/FRET-FISH/iAM746_20220406_001/a488fret_008.tif	813	258	15	817.0	256.0	16.0	a488	4543	10383	4974	2	5	7.0.2	817	256	16												
26	8	3	2	/home/xiaoze/Desktop/user_folders/Xiaoze/FRET-FISH/iAM746_20220406_001/a488_008.tif	/home/xiaoze/Desktop/user_folders/Xiaoze/FRET-FISH/iAM746_20220406_001/a594_008.tif	/home/xiaoze/Desktop/user_folders/Xiaoze/FRET-FISH/iAM746_20220406_001/a488fret_008.tif	500	528	16	501.0	526.0	17.0	a488	5754	8940	12449	1	5	7.0.2	501	526	17	4.0	1654.6298679765212	0.5528218213026905	1338.43191832831	0.44717817869730947	1.0	-0.06097889245562862	0.3637437665984935	-0.05388031783281093	0.0	1.0	98.7982575451569
26	8	3	2	/home/xiaoze/Desktop/user_folders/Xiaoze/FRET-FISH/iAM746_20220406_001/a488_008.tif	/home/xiaoze/Desktop/user_folders/Xiaoze/FRET-FISH/iAM746_20220406_001/a594_008.tif	/home/xiaoze/Desktop/user_folders/Xiaoze/FRET-FISH/iAM746_20220406_001/a488fret_008.tif	555	519	8	558.0	520.0	9.0	a488	3938	2050	7092	2	5	7.0.2	558	520	9	4.0	1207.683733433551	0.32410467907713475	2518.531318050264	0.6758953209228653	2.0	0.7798694270454881	-0.07369705098618702	-0.4538803178328109	0.0	2.0	98.7982575451569
27	8	4	2	/home/xiaoze/Desktop/user_folders/Xiaoze/FRET-FISH/iAM746_20220406_001/a488_008.tif	/home/xiaoze/Desktop/user_folders/Xiaoze/FRET-FISH/iAM746_20220406_001/a594_008.tif	/home/xiaoze/Desktop/user_folders/Xiaoze/FRET-FISH/iAM746_20220406_001/a488fret_008.tif	179	639	13	174.0	636.0	10.0	a488	3106	1817	9369	1	5	7.0.2	174	636	10	1.0	1015.3324578678651	0.4510887506884939	1235.5160864998886	0.548911249311506	1.0	-0.3340840376332374	0.1628522208125042	-0.3169132288715389	0.0	2.0	74.28863286609759
27	8	4	2	/home/xiaoze/Desktop/user_folders/Xiaoze/FRET-FISH/iAM746_20220406_001/a488_008.tif	/home/xiaoze/Desktop/user_folders/Xiaoze/FRET-FISH/iAM746_20220406_001/a594_008.tif	/home/xiaoze/Desktop/user_folders/Xiaoze/FRET-FISH/iAM746_20220406_001/a488fret_008.tif	218	635	9	216.0	629.0	10.0	a488	3295	5081	11422	2	5	7.0.2	216	629	10	1.0	1162.7553482998906	0.5259316327146809	1048.0935072788116	0.4740683672853191	1.0	0.14136918253745392	0.5155252369844814	-0.3169132288715389	0.0	1.0	74.28863286609759
28	8	5	2	/home/xiaoze/Desktop/user_folders/Xiaoze/FRET-FISH/iAM746_20220406_001/a488_008.tif	/home/xiaoze/Desktop/user_folders/Xiaoze/FRET-FISH/iAM746_20220406_001/a594_008.tif	/home/xiaoze/Desktop/user_folders/Xiaoze/FRET-FISH/iAM746_20220406_001/a488fret_008.tif	363	894	10	366.0	889.0	8.0	a488	4715	9305	9645	1	5	7.0.2	366	889	8	3.0	2400.0	0.5333333333333333	2100.0	0.4666666666666667	1.0	-0.02302133949317313	0.047469152812035904	-0.5041286580727112	0.0	1.0	93.10009995867644
28	8	5	2	/home/xiaoze/Desktop/user_folders/Xiaoze/FRET-FISH/iAM746_20220406_001/a488_008.tif	/home/xiaoze/Desktop/user_folders/Xiaoze/FRET-FISH/iAM746_20220406_001/a594_008.tif	/home/xiaoze/Desktop/user_folders/Xiaoze/FRET-FISH/iAM746_20220406_001/a488fret_008.tif	408	872	23	407.0	871.0	19.0	a488	3320	1897	7306	2	5	7.0.2	407	871	19	3.0	1090.0	0.23647093488797344	3519.445979127965	0.7635290651120266	2.0	0.5742590211443247	0.5382708827399078	0.04587134192728879	0.0	2.0	93.10009995867644
30	9	2	2	/home/xiaoze/Desktop/user_folders/Xiaoze/FRET-FISH/iAM746_20220406_001/a488_009.tif	/home/xiaoze/Desktop/user_folders/Xiaoze/FRET-FISH/iAM746_20220406_001/a594_009.tif	/home/xiaoze/Desktop/user_folders/Xiaoze/FRET-FISH/iAM746_20220406_001/a488fret_009.tif	802	446	18	804.0	441.0	19.0	a488	4059	6199	5492	1	5	7.0.2	804	441	19	3.0	183.84776310850236	0.07763256729102551	2184.3305610644193	0.9223674327089745	0.0	0.3431214948725984	-0.06615441658289582	0.03701208995009377	0.0	0.0	
30	9	2	2	/home/xiaoze/Desktop/user_folders/Xiaoze/FRET-FISH/iAM746_20220406_001/a488_009.tif	/home/xiaoze/Desktop/user_folders/Xiaoze/FRET-FISH/iAM746_20220406_001/a594_009.tif	/home/xiaoze/Desktop/user_folders/Xiaoze/FRET-FISH/iAM746_20220406_001/a488fret_009.tif	748	440	20	747.0	434.0	17.0	a488	6047	1820	5247	2	5	7.0.2	747	434	17												
35	11	2	2	/home/xiaoze/Desktop/user_folders/Xiaoze/FRET-FISH/iAM746_20220406_001/a488_011.tif	/home/xiaoze/Desktop/user_folders/Xiaoze/FRET-FISH/iAM746_20220406_001/a594_011.tif	/home/xiaoze/Desktop/user_folders/Xiaoze/FRET-FISH/iAM746_20220406_001/a488fret_011.tif	209	288	14	214.0	286.0	12.0	a488	3573	3742	7683	1	5	7.0.2	214	286	12	1.0	2886.260556498668	0.5196659855495185	2667.808089049885	0.4803340144504815	2.0	0.7009117383390095	0.09726222789645143	-0.38578877964662617	0.0	2.0	48.6172993666483
35	11	2	2	/home/xiaoze/Desktop/user_folders/Xiaoze/FRET-FISH/iAM746_20220406_001/a488_011.tif	/home/xiaoze/Desktop/user_folders/Xiaoze/FRET-FISH/iAM746_20220406_001/a594_011.tif	/home/xiaoze/Desktop/user_folders/Xiaoze/FRET-FISH/iAM746_20220406_001/a488fret_011.tif	188	310	23	186.0	309.0	25.0	a488	3797	4390	5214	2	5	7.0.2	186	309	25	1.0	2968.164415931166	0.583181958380446	2121.4381914163796	0.41681804161955405	0.0	0.285034847578751	-0.09698463669147579	0.26421122035337385	0.0	1.0	48.6172993666483
36	11	3	2	/home/xiaoze/Desktop/user_folders/Xiaoze/FRET-FISH/iAM746_20220406_001/a488_011.tif	/home/xiaoze/Desktop/user_folders/Xiaoze/FRET-FISH/iAM746_20220406_001/a594_011.tif	/home/xiaoze/Desktop/user_folders/Xiaoze/FRET-FISH/iAM746_20220406_001/a488fret_011.tif	272	772	14	274.0	768.0	11.0	a488	2631	1637	10882	1	5	7.0.2	274	768	11	2.0	1769.745744450315	0.6045063042158965	1157.8428218026831	0.39549369578410354	1.0	0.27885089538567054	-0.5252199426606443	-0.4354420694816243	0.0	1.0	50.5479493065587
36	11	3	2	/home/xiaoze/Desktop/user_folders/Xiaoze/FRET-FISH/iAM746_20220406_001/a488_011.tif	/home/xiaoze/Desktop/user_folders/Xiaoze/FRET-FISH/iAM746_20220406_001/a594_011.tif	/home/xiaoze/Desktop/user_folders/Xiaoze/FRET-FISH/iAM746_20220406_001/a488fret_011.tif	261	800	21	260.0	800.0	17.0	a488	3257	2574	11197	2	5	7.0.2	260	800	17	2.0	1306.4838307457157	0.45577924310350426	1560.0	0.5442207568964957	2.0	0.5189311775281359	-0.06253085961075099	-0.1354420694816243	0.0	2.0	50.5479493065587
37	12	1	2	/home/xiaoze/Desktop/user_folders/Xiaoze/FRET-FISH/iAM746_20220406_001/a488_012.tif	/home/xiaoze/Desktop/user_folders/Xiaoze/FRET-FISH/iAM746_20220406_001/a594_012.tif	/home/xiaoze/Desktop/user_folders/Xiaoze/FRET-FISH/iAM746_20220406_001/a488fret_012.tif	137	301	21	137.0	296.0	18.0	a488	2815	1614	7429	1	5	7.0.2	137	296	18	1.0	761.3803254615922	0.24494286322423442	2347.019386370722	0.7550571367757656	0.0	0.4923413973103637	0.35656780179654124	0.036427789863934204	0.0	1.0	148.6371141978335
37	12	1	2	/home/xiaoze/Desktop/user_folders/Xiaoze/FRET-FISH/iAM746_20220406_001/a488_012.tif	/home/xiaoze/Desktop/user_folders/Xiaoze/FRET-FISH/iAM746_20220406_001/a594_012.tif	/home/xiaoze/Desktop/user_folders/Xiaoze/FRET-FISH/iAM746_20220406_001/a488fret_012.tif	111	375	16	107.0	371.0	13.0	a488	2789	1846	7426	2	5	7.0.2	107	371	13	1.0	367.6955262170047	0.09083887821457194	3680.081520836189	0.9091611217854281	1.0	-0.4742731156912224	0.022800651416335024	-0.2135722101360658	0.0	2.0	148.6371141978335
38	12	2	2	/home/xiaoze/Desktop/user_folders/Xiaoze/FRET-FISH/iAM746_20220406_001/a488_012.tif	/home/xiaoze/Desktop/user_folders/Xiaoze/FRET-FISH/iAM746_20220406_001/a594_012.tif	/home/xiaoze/Desktop/user_folders/Xiaoze/FRET-FISH/iAM746_20220406_001/a488fret_012.tif	447	432	22	450.0	426.0	21.0	a488	3662	5148	8459	1	5	7.0.2	450	426	21	3.0	2748.927063419472	0.4994997848858243	2754.4327909753033	0.5005002151141758	0.0	-0.1534293144603775	0.6089158197083547	0.0895344180330806	0.0	2.0	91.56050401420396
38	12	2	2	/home/xiaoze/Desktop/user_folders/Xiaoze/FRET-FISH/iAM746_20220406_001/a488_012.tif	/home/xiaoze/Desktop/user_folders/Xiaoze/FRET-FISH/iAM746_20220406_001/a594_012.tif	/home/xiaoze/Desktop/user_folders/Xiaoze/FRET-FISH/iAM746_20220406_001/a488fret_012.tif	426	377	22	425.0	377.0	24.0	a488	4230	5827	5705	2	5	7.0.2	425	377	24	3.0	3796.419365665495	0.6710521010468571	1860.994357863559	0.3289478989531429	0.0	-0.4933479598750796	-0.2135646227389163	0.2395344180330806	0.0	1.0	91.56050401420396
41	13	2	2	/home/xiaoze/Desktop/user_folders/Xiaoze/FRET-FISH/iAM746_20220406_001/a488_013.tif	/home/xiaoze/Desktop/user_folders/Xiaoze/FRET-FISH/iAM746_20220406_001/a594_013.tif	/home/xiaoze/Desktop/user_folders/Xiaoze/FRET-FISH/iAM746_20220406_001/a488fret_013.tif	805	265	21	805.0	268.0	18.0	a488	3460	2170	9913	1	5	7.0.2	805	268	18	4.0	1676.4545922869488	0.2994330562230509	3922.3079940259663	0.7005669437769491	2.0	-0.5910113837633665	-0.43304708108920253	0.02182349541260873	0.0	2.0	140.32186439904305
41	13	2	2	/home/xiaoze/Desktop/user_folders/Xiaoze/FRET-FISH/iAM746_20220406_001/a488_013.tif	/home/xiaoze/Desktop/user_folders/Xiaoze/FRET-FISH/iAM746_20220406_001/a594_013.tif	/home/xiaoze/Desktop/user_folders/Xiaoze/FRET-FISH/iAM746_20220406_001/a488fret_013.tif	786	337	11	785.0	335.0	13.0	a488	3790	5530	3966	2	5	7.0.2	785	335	13	4.0	3900.0	0.7647058823529411	1200.0	0.23529411764705888	1.0	0.0800753105707953	0.21030252319196818	-0.22817650458739128	0.0	1.0	140.32186439904305
47	15	3	2	/home/xiaoze/Desktop/user_folders/Xiaoze/FRET-FISH/iAM746_20220406_001/a488_015.tif	/home/xiaoze/Desktop/user_folders/Xiaoze/FRET-FISH/iAM746_20220406_001/a594_015.tif	/home/xiaoze/Desktop/user_folders/Xiaoze/FRET-FISH/iAM746_20220406_001/a488fret_015.tif	12	703	15	10.0	698.0	16.0	a488	3209	4563	5394	1	5	7.0.2	10	698	16												
47	15	3	2	/home/xiaoze/Desktop/user_folders/Xiaoze/FRET-FISH/iAM746_20220406_001/a488_015.tif	/home/xiaoze/Desktop/user_folders/Xiaoze/FRET-FISH/iAM746_20220406_001/a594_015.tif	/home/xiaoze/Desktop/user_folders/Xiaoze/FRET-FISH/iAM746_20220406_001/a488fret_015.tif	48	711	9	42.0	707.0	9.0	a488	3559	5744	7590	2	5	7.0.2	42	707	9												
48	16	1	2	/home/xiaoze/Desktop/user_folders/Xiaoze/FRET-FISH/iAM746_20220406_001/a488_016.tif	/home/xiaoze/Desktop/user_folders/Xiaoze/FRET-FISH/iAM746_20220406_001/a594_016.tif	/home/xiaoze/Desktop/user_folders/Xiaoze/FRET-FISH/iAM746_20220406_001/a488fret_016.tif	777	154	19	776.0	150.0	20.0	a488	4448	6282	4722	1	5	7.0.2	776	150	20	4.0	474.5524207081869	0.16840230184522129	2343.4163095788167	0.8315976981547787	0.0	0.03175054736860709	0.2119743457347442	0.09315617725119338	0.0	2.0	40.636058224044284
48	16	1	2	/home/xiaoze/Desktop/user_folders/Xiaoze/FRET-FISH/iAM746_20220406_001/a488_016.tif	/home/xiaoze/Desktop/user_folders/Xiaoze/FRET-FISH/iAM746_20220406_001/a594_016.tif	/home/xiaoze/Desktop/user_folders/Xiaoze/FRET-FISH/iAM746_20220406_001/a488fret_016.tif	782	188	16	781.0	186.0	18.0	a488	3703	6540	5228	2	5	7.0.2	781	186	18	4.0	1026.1091559868278	0.2349008944726131	3342.1549934136806	0.7650991055273869	1.0	-0.20693419098178029	0.7631614424387362	-0.006843822748806616	0.0	1.0	40.636058224044284
54	17	3	2	/home/xiaoze/Desktop/user_folders/Xiaoze/FRET-FISH/iAM746_20220406_001/a488_017.tif	/home/xiaoze/Desktop/user_folders/Xiaoze/FRET-FISH/iAM746_20220406_001/a594_017.tif	/home/xiaoze/Desktop/user_folders/Xiaoze/FRET-FISH/iAM746_20220406_001/a488fret_017.tif	886	588	16	889.0	586.0	17.0	a488	3563	5589	4217	1	5	7.0.2	889	586	17	4.0	1716.4206943520578	0.3712537211297748	2906.8883707497266	0.6287462788702252	2.0	0.6728990306388308	-0.31283483621350483	-0.03389537850043549	0.0	2.0	29.431792721920484
54	17	3	2	/home/xiaoze/Desktop/user_folders/Xiaoze/FRET-FISH/iAM746_20220406_001/a488_017.tif	/home/xiaoze/Desktop/user_folders/Xiaoze/FRET-FISH/iAM746_20220406_001/a594_017.tif	/home/xiaoze/Desktop/user_folders/Xiaoze/FRET-FISH/iAM746_20220406_001/a488fret_017.tif	841	562	17	844.0	566.0	17.0	a488	3334	5786	4230	2	5	7.0.2	844	566	17	4.0	4305.995819784315	0.9430573285079613	260.0	0.05694267149203869	1.0	0.0741263528974416	-0.12407465435297298	-0.03389537850043549	0.0	1.0	29.431792721920484
55	17	4	2	/home/xiaoze/Desktop/user_folders/Xiaoze/FRET-FISH/iAM746_20220406_001/a488_017.tif	/home/xiaoze/Desktop/user_folders/Xiaoze/FRET-FISH/iAM746_20220406_001/a594_017.tif	/home/xiaoze/Desktop/user_folders/Xiaoze/FRET-FISH/iAM746_20220406_001/a488fret_017.tif	542	763	17	543.0	765.0	18.0	a488	4181	7132	5886	1	5	7.0.2	543	765	18	2.0	5358.245981662283	1.0	0.0	0.0	0.0	0.22017233252448742	0.16433590843660498	0.0373253757909076	0.0	1.0	20.849032456558966
55	17	4	2	/home/xiaoze/Desktop/user_folders/Xiaoze/FRET-FISH/iAM746_20220406_001/a488_017.tif	/home/xiaoze/Desktop/user_folders/Xiaoze/FRET-FISH/iAM746_20220406_001/a594_017.tif	/home/xiaoze/Desktop/user_folders/Xiaoze/FRET-FISH/iAM746_20220406_001/a488fret_017.tif	511	752	15	516.0	753.0	13.0	a488	3924	7875	6273	2	5	7.0.2	516	753	13	2.0	2597.806767255794	0.46965258803638515	2933.5302964176117	0.5303474119636149	1.0	0.4451626234569207	0.5112607675698827	-0.2126746242090924	0.0	2.0	20.849032456558966
56	18	1	2	/home/xiaoze/Desktop/user_folders/Xiaoze/FRET-FISH/iAM746_20220406_001/a488_018.tif	/home/xiaoze/Desktop/user_folders/Xiaoze/FRET-FISH/iAM746_20220406_001/a594_018.tif	/home/xiaoze/Desktop/user_folders/Xiaoze/FRET-FISH/iAM746_20220406_001/a488fret_018.tif	639	99	18	641.0	94.0	19.0	a488	4142	6833	4243	1	5	7.0.2	641	94	19	3.0	2429.6501805815587	0.4689526847246547	2751.363298439521	0.5310473152753453	0.0	-0.09416089199293491	0.5714027308023057	0.11178173294257591	0.0	2.0	123.69833972895799
56	18	1	2	/home/xiaoze/Desktop/user_folders/Xiaoze/FRET-FISH/iAM746_20220406_001/a488_018.tif	/home/xiaoze/Desktop/user_folders/Xiaoze/FRET-FISH/iAM746_20220406_001/a594_018.tif	/home/xiaoze/Desktop/user_folders/Xiaoze/FRET-FISH/iAM746_20220406_001/a488fret_018.tif	659	131	15	658.0	131.0	17.0	a488	3936	6682	4639	2	5	7.0.2	658	131	17	3.0	5100.0	1.0	0.0	0.0	0.0	-0.028957123919583407	-0.04095904963311876	0.011781732942575918	0.0	1.0	123.69833972895799
57	18	2	2	/home/xiaoze/Desktop/user_folders/Xiaoze/FRET-FISH/iAM746_20220406_001/a488_018.tif	/home/xiaoze/Desktop/user_folders/Xiaoze/FRET-FISH/iAM746_20220406_001/a594_018.tif	/home/xiaoze/Desktop/user_folders/Xiaoze/FRET-FISH/iAM746_20220406_001/a488fret_018.tif	279	319	12	277.0	318.0	8.0	a488	6034	17354	5490	1	5	7.0.2	277	318	8	1.0	260.0	0.07797023878077426	3074.6056657724416	0.9220297612192258	1.0	-0.4743317165512137	0.24793376408651377	-0.38401142377231506	0.0	2.0	37.52882928249507
57	18	2	2	/home/xiaoze/Desktop/user_folders/Xiaoze/FRET-FISH/iAM746_20220406_001/a488_018.tif	/home/xiaoze/Desktop/user_folders/Xiaoze/FRET-FISH/iAM746_20220406_001/a594_018.tif	/home/xiaoze/Desktop/user_folders/Xiaoze/FRET-FISH/iAM746_20220406_001/a488fret_018.tif	298	324	16	304.0	323.0	15.0	a488	2601	1709	6337	2	5	7.0.2	304	323	15	1.0	910.0	0.3497811935264069	1691.62643630324	0.6502188064735931	0.0	-0.2970522327952816	0.6892478686237662	0.01598857622768496	0.0	1.0	37.52882928249507
58	18	3	2	/home/xiaoze/Desktop/user_folders/Xiaoze/FRET-FISH/iAM746_20220406_001/a488_018.tif	/home/xiaoze/Desktop/user_folders/Xiaoze/FRET-FISH/iAM746_20220406_001/a594_018.tif	/home/xiaoze/Desktop/user_folders/Xiaoze/FRET-FISH/iAM746_20220406_001/a488fret_018.tif	740	401	11	738.0	395.0	8.0	a488	3018	1840	11997	1	5	7.0.2	738	395	8	4.0	2400.0	0.4678847045556016	2729.468812791236	0.5321152954443984	1.0	-0.34107039348046503	0.3417052134986195	-0.4277147664909224	0.0	1.0	48.75308405459514
58	18	3	2	/home/xiaoze/Desktop/user_folders/Xiaoze/FRET-FISH/iAM746_20220406_001/a488_018.tif	/home/xiaoze/Desktop/user_folders/Xiaoze/FRET-FISH/iAM746_20220406_001/a594_018.tif	/home/xiaoze/Desktop/user_folders/Xiaoze/FRET-FISH/iAM746_20220406_001/a488fret_018.tif	729	369	20	723.0	369.0	17.0	a488	3277	1996	8178	2	5	7.0.2	723	369	17	4.0	1664.8123017325406	0.3594063212323104	2967.3051747334653	0.6405936787676896	2.0	-0.6830435994179649	0.040017914006791847	0.022285233509077608	0.0	2.0	48.75308405459514
61	19	1	2	/home/xiaoze/Desktop/user_folders/Xiaoze/FRET-FISH/iAM746_20220406_001/a488_019.tif	/home/xiaoze/Desktop/user_folders/Xiaoze/FRET-FISH/iAM746_20220406_001/a594_019.tif	/home/xiaoze/Desktop/user_folders/Xiaoze/FRET-FISH/iAM746_20220406_001/a488fret_019.tif	361	103	15	359.0	102.0	16.0	a488	4041	7410	5456	1	5	7.0.2	359	102	16	2.0	650.0	0.1660782902881512	3263.8167840735177	0.8339217097118488	2.0	0.6788047691380822	-0.3604220181286808	-0.0445393942789047	0.0	1.0	47.156321269817255
61	19	1	2	/home/xiaoze/Desktop/user_folders/Xiaoze/FRET-FISH/iAM746_20220406_001/a488_019.tif	/home/xiaoze/Desktop/user_folders/Xiaoze/FRET-FISH/iAM746_20220406_001/a594_019.tif	/home/xiaoze/Desktop/user_folders/Xiaoze/FRET-FISH/iAM746_20220406_001/a488fret_019.tif	338	137	8	334.0	140.0	9.0	a488	3265	1737	12676	2	5	7.0.2	334	140	9	2.0	260.0	0.06731659183340315	3602.3464575190433	0.9326834081665969	1.0	0.16111426502261048	-0.13041426352267588	-0.3945393942789047	0.0	2.0	47.156321269817255
63	19	3	2	/home/xiaoze/Desktop/user_folders/Xiaoze/FRET-FISH/iAM746_20220406_001/a488_019.tif	/home/xiaoze/Desktop/user_folders/Xiaoze/FRET-FISH/iAM746_20220406_001/a594_019.tif	/home/xiaoze/Desktop/user_folders/Xiaoze/FRET-FISH/iAM746_20220406_001/a488fret_019.tif	149	416	8	153.0	414.0	9.0	a488	2803	1691	17674	1	5	7.0.2	153	414	9	1.0	520.0	0.08988826758563881	5264.959638971603	0.9101117324143612	1.0	0.45115220835426056	0.42533668661525253	-0.41169149700482527	0.0	2.0	30.825481578870413
63	19	3	2	/home/xiaoze/Desktop/user_folders/Xiaoze/FRET-FISH/iAM746_20220406_001/a488_019.tif	/home/xiaoze/Desktop/user_folders/Xiaoze/FRET-FISH/iAM746_20220406_001/a594_019.tif	/home/xiaoze/Desktop/user_folders/Xiaoze/FRET-FISH/iAM746_20220406_001/a488fret_019.tif	116	407	15	120.0	405.0	16.0	a488	4478	10989	4848	2	5	7.0.2	120	405	16	1.0	715.6116265125937	0.21714970290277377	2579.8643375185447	0.7828502970972262	1.0	0.17157005933021294	-0.007749465619775377	-0.06169149700482528	0.0	1.0	30.825481578870413
64	19	4	2	/home/xiaoze/Desktop/user_folders/Xiaoze/FRET-FISH/iAM746_20220406_001/a488_019.tif	/home/xiaoze/Desktop/user_folders/Xiaoze/FRET-FISH/iAM746_20220406_001/a594_019.tif	/home/xiaoze/Desktop/user_folders/Xiaoze/FRET-FISH/iAM746_20220406_001/a488fret_019.tif	396	509	12	399.0	504.0	10.0	a488	3444	5370	12382	1	5	7.0.2	399	504	10	3.0	300.0	0.059057428661238	4779.801251098209	0.940942571338762	1.0	0.12498773241749132	-0.07944856061680784	-0.3569922609926877	0.0	2.0	41.333907934602706
64	19	4	2	/home/xiaoze/Desktop/user_folders/Xiaoze/FRET-FISH/iAM746_20220406_001/a488_019.tif	/home/xiaoze/Desktop/user_folders/Xiaoze/FRET-FISH/iAM746_20220406_001/a594_019.tif	/home/xiaoze/Desktop/user_folders/Xiaoze/FRET-FISH/iAM746_20220406_001/a488fret_019.tif	428	544	12	424.0	547.0	9.0	a488	3174	3127	9527	2	5	7.0.2	424	547	9	3.0	1565.4072952429983	0.21344664424442947	5768.544010406786	0.7865533557555705	2.0	0.7918151493518083	-0.039184472588272456	-0.4069922609926877	0.0	1.0	41.333907934602706
65	19	5	2	/home/xiaoze/Desktop/user_folders/Xiaoze/FRET-FISH/iAM746_20220406_001/a488_019.tif	/home/xiaoze/Desktop/user_folders/Xiaoze/FRET-FISH/iAM746_20220406_001/a594_019.tif	/home/xiaoze/Desktop/user_folders/Xiaoze/FRET-FISH/iAM746_20220406_001/a488fret_019.tif	385	720	16	386.0	721.0	13.0	a488	3767	5894	12821	1	5	7.0.2	386	721	13	4.0	492.03658400570174	0.1397802513512415	3028.0356668969407	0.8602197486487585	1.0	-0.08269833292725967	-0.35423210325169185	-0.2102581530402226	0.0	2.0	73.42278296096787
65	19	5	2	/home/xiaoze/Desktop/user_folders/Xiaoze/FRET-FISH/iAM746_20220406_001/a488_019.tif	/home/xiaoze/Desktop/user_folders/Xiaoze/FRET-FISH/iAM746_20220406_001/a594_019.tif	/home/xiaoze/Desktop/user_folders/Xiaoze/FRET-FISH/iAM746_20220406_001/a488fret_019.tif	393	742	19	393.0	741.0	15.0	a488	3781	5632	5901	2	5	7.0.2	393	741	15	4.0	1506.5523555456014	0.35962927292774355	2682.6293072282647	0.6403707270722565	1.0	-0.17126535094310183	0.028267355717093753	-0.1102581530402226	0.0	1.0	73.42278296096787
66	19	6	2	/home/xiaoze/Desktop/user_folders/Xiaoze/FRET-FISH/iAM746_20220406_001/a488_019.tif	/home/xiaoze/Desktop/user_folders/Xiaoze/FRET-FISH/iAM746_20220406_001/a594_019.tif	/home/xiaoze/Desktop/user_folders/Xiaoze/FRET-FISH/iAM746_20220406_001/a488fret_019.tif	751	786	11	755.0	785.0	9.0	a488	4103	7968	8553	1	5	7.0.2	755	785	9	5.0	1830.7648674802563	0.7379840352785175	650.0	0.2620159647214825	2.0	-0.6081899755011143	-0.4929076453131564	-0.3828119645475468	0.0	1.0	73.87384139313174
66	19	6	2	/home/xiaoze/Desktop/user_folders/Xiaoze/FRET-FISH/iAM746_20220406_001/a488_019.tif	/home/xiaoze/Desktop/user_folders/Xiaoze/FRET-FISH/iAM746_20220406_001/a594_019.tif	/home/xiaoze/Desktop/user_folders/Xiaoze/FRET-FISH/iAM746_20220406_001/a488fret_019.tif	709	826	18	713.0	826.0	19.0	a488	4000	6319	4448	2	5	7.0.2	713	826	19	5.0	780.0	0.19084655541919884	3307.053068821243	0.8091534445808012	0.0	-0.17951658439088286	0.1261108459966096	0.11718803545245322	0.0	2.0	73.87384139313174
68	20	2	2	/home/xiaoze/Desktop/user_folders/Xiaoze/FRET-FISH/iAM746_20220406_001/a488_020.tif	/home/xiaoze/Desktop/user_folders/Xiaoze/FRET-FISH/iAM746_20220406_001/a594_020.tif	/home/xiaoze/Desktop/user_folders/Xiaoze/FRET-FISH/iAM746_20220406_001/a488fret_020.tif	587	195	15	587.0	190.0	12.0	a488	3632	2328	7994	1	5	7.0.2	587	190	12	3.0	758.023746329889	0.20980034879791518	2855.0481607146316	0.7901996512020848	1.0	0.05737785777445719	-0.8739144703123155	-0.3103142234960451	0.0	2.0	159.49934185790335
68	20	2	2	/home/xiaoze/Desktop/user_folders/Xiaoze/FRET-FISH/iAM746_20220406_001/a488_020.tif	/home/xiaoze/Desktop/user_folders/Xiaoze/FRET-FISH/iAM746_20220406_001/a594_020.tif	/home/xiaoze/Desktop/user_folders/Xiaoze/FRET-FISH/iAM746_20220406_001/a488fret_020.tif	522	287	20	520.0	286.0	16.0	a488	2772	1737	6014	2	5	7.0.2	520	286	16	3.0	2625.642778444928	0.5803997369320407	1898.2096828327476	0.4196002630679593	1.0	0.06728304521914301	0.6974350389322566	-0.11031422349604511	0.0	1.0	159.49934185790335
69	20	3	2	/home/xiaoze/Desktop/user_folders/Xiaoze/FRET-FISH/iAM746_20220406_001/a488_020.tif	/home/xiaoze/Desktop/user_folders/Xiaoze/FRET-FISH/iAM746_20220406_001/a594_020.tif	/home/xiaoze/Desktop/user_folders/Xiaoze/FRET-FISH/iAM746_20220406_001/a488fret_020.tif	254	606	11	252.0	610.0	8.0	a488	2595	1929	8622	1	5	7.0.2	252	610	8	1.0	1933.9079605813715	0.2950458912053765	4620.692588779306	0.7049541087946235	1.0	-0.14937915402361837	0.6617808497040604	-0.47744480048308713	0.0	1.0	143.12629845054707
69	20	3	2	/home/xiaoze/Desktop/user_folders/Xiaoze/FRET-FISH/iAM746_20220406_001/a488_020.tif	/home/xiaoze/Desktop/user_folders/Xiaoze/FRET-FISH/iAM746_20220406_001/a594_020.tif	/home/xiaoze/Desktop/user_folders/Xiaoze/FRET-FISH/iAM746_20220406_001/a488fret_020.tif	171	543	10	170.0	542.0	12.0	a488	2909	3925	8034	2	5	7.0.2	170	542	12	1.0	910.0	0.1524659127439945	5058.547222276372	0.8475340872560055	1.0	0.044364879821980514	-0.9088334739459386	-0.2774448004830871	0.0	2.0	143.12629845054707
71	20	5	2	/home/xiaoze/Desktop/user_folders/Xiaoze/FRET-FISH/iAM746_20220406_001/a488_020.tif	/home/xiaoze/Desktop/user_folders/Xiaoze/FRET-FISH/iAM746_20220406_001/a594_020.tif	/home/xiaoze/Desktop/user_folders/Xiaoze/FRET-FISH/iAM746_20220406_001/a488fret_020.tif	814	816	9	816.0	814.0	10.0	a488	3273	5079	4105	1	5	7.0.2	816	814	10	5.0	1262.5767303415662	0.1645294713970656	6411.286922295711	0.8354705286029344	2.0	0.5742597920503697	-0.6083396597348496	-0.3745835060091173	0.0	1.0	61.43503749339443
71	20	5	2	/home/xiaoze/Desktop/user_folders/Xiaoze/FRET-FISH/iAM746_20220406_001/a488_020.tif	/home/xiaoze/Desktop/user_folders/Xiaoze/FRET-FISH/iAM746_20220406_001/a594_020.tif	/home/xiaoze/Desktop/user_folders/Xiaoze/FRET-FISH/iAM746_20220406_001/a488fret_020.tif	801	865	11	797.0	867.0	8.0	a488	4042	5236	3937	2	5	7.0.2	797	867	8	5.0	260.0	0.050751888641615756	4862.962060308511	0.9492481113583843	1.0	-0.043465305768290066	-0.2785845100204747	-0.47458350600911725	0.0	2.0	61.43503749339443
72	21	1	2	/home/xiaoze/Desktop/user_folders/Xiaoze/FRET-FISH/iAM746_20220406_001/a488_021.tif	/home/xiaoze/Desktop/user_folders/Xiaoze/FRET-FISH/iAM746_20220406_001/a594_021.tif	/home/xiaoze/Desktop/user_folders/Xiaoze/FRET-FISH/iAM746_20220406_001/a488fret_021.tif	680	86	10	680.0	83.0	9.0	a488	3693	2261	4830	1	5	7.0.2	680	83	9	4.0	2700.0	0.5530552467798772	2181.9715855161817	0.44694475322012284	1.0	0.13527191356518076	-0.4390642764056012	-0.3613708233055354	0.0	1.0	91.3008351932278
72	21	1	2	/home/xiaoze/Desktop/user_folders/Xiaoze/FRET-FISH/iAM746_20220406_001/a488_021.tif	/home/xiaoze/Desktop/user_folders/Xiaoze/FRET-FISH/iAM746_20220406_001/a594_021.tif	/home/xiaoze/Desktop/user_folders/Xiaoze/FRET-FISH/iAM746_20220406_001/a488fret_021.tif	728	59	17	725.0	54.0	18.0	a488	3364	3216	6674	2	5	7.0.2	725	54	18	4.0	2040.2205763103166	0.44409770804800575	2553.859823874443	0.5559022919519943	2.0	0.6285957454324927	0.3013420395965433	0.08862917669446464	0.0	2.0	91.3008351932278
76	21	5	2	/home/xiaoze/Desktop/user_folders/Xiaoze/FRET-FISH/iAM746_20220406_001/a488_021.tif	/home/xiaoze/Desktop/user_folders/Xiaoze/FRET-FISH/iAM746_20220406_001/a594_021.tif	/home/xiaoze/Desktop/user_folders/Xiaoze/FRET-FISH/iAM746_20220406_001/a488fret_021.tif	117	857	6	120.0	858.0	7.0	a488	2765	1729	10814	1	5	7.0.2	120	858	7	1.0	613.9218191268332	0.11628507438834504	4665.533195680854	0.883714925611655	1.0	-0.12980065728267381	-0.3237291259763786	-0.4368147773421581	0.0	2.0	113.03142495040301
76	21	5	2	/home/xiaoze/Desktop/user_folders/Xiaoze/FRET-FISH/iAM746_20220406_001/a488_021.tif	/home/xiaoze/Desktop/user_folders/Xiaoze/FRET-FISH/iAM746_20220406_001/a594_021.tif	/home/xiaoze/Desktop/user_folders/Xiaoze/FRET-FISH/iAM746_20220406_001/a488fret_021.tif	150	937	12	154.0	937.0	9.0	a488	2724	2091	15975	2	5	7.0.2	154	937	9	1.0	2040.2205763103166	0.7005561316542536	872.066511224918	0.29944386834574643	2.0	0.729976017768035	0.2523173758314383	-0.33681477734215814	0.0	1.0	113.03142495040301
77	22	1	2	/home/xiaoze/Desktop/user_folders/Xiaoze/FRET-FISH/iAM746_20220406_001/a488_022.tif	/home/xiaoze/Desktop/user_folders/Xiaoze/FRET-FISH/iAM746_20220406_001/a594_022.tif	/home/xiaoze/Desktop/user_folders/Xiaoze/FRET-FISH/iAM746_20220406_001/a488fret_022.tif	81	135	10	78.0	130.0	7.0	a488	2554	1492	4414	1	5	7.0.2	78	130	7	1.0	1430.0	0.7857142857142857	390.0	0.2142857142857143	1.0	-0.34770051056806983	-0.26122450654235807	-0.27527188986268625	0.0	0.0	
77	22	1	2	/home/xiaoze/Desktop/user_folders/Xiaoze/FRET-FISH/iAM746_20220406_001/a488_022.tif	/home/xiaoze/Desktop/user_folders/Xiaoze/FRET-FISH/iAM746_20220406_001/a594_022.tif	/home/xiaoze/Desktop/user_folders/Xiaoze/FRET-FISH/iAM746_20220406_001/a488fret_022.tif	47	107	7	47.0	106.0	9.0	a488	2996	5831	4782	2	5	7.0.2	47	106	9												
79	22	3	2	/home/xiaoze/Desktop/user_folders/Xiaoze/FRET-FISH/iAM746_20220406_001/a488_022.tif	/home/xiaoze/Desktop/user_folders/Xiaoze/FRET-FISH/iAM746_20220406_001/a594_022.tif	/home/xiaoze/Desktop/user_folders/Xiaoze/FRET-FISH/iAM746_20220406_001/a488fret_022.tif	100	833	7	102.0	838.0	6.0	a488	2570	1571	12127	1	5	7.0.2	102	838	6	2.0	1800.0	0.3638932208845358	3146.505998723028	0.6361067791154642	2.0	-0.6417979814079163	0.11799148893330336	-0.4830946748557397	0.0	1.0	76.78288993111119
79	22	3	2	/home/xiaoze/Desktop/user_folders/Xiaoze/FRET-FISH/iAM746_20220406_001/a488_022.tif	/home/xiaoze/Desktop/user_folders/Xiaoze/FRET-FISH/iAM746_20220406_001/a594_022.tif	/home/xiaoze/Desktop/user_folders/Xiaoze/FRET-FISH/iAM746_20220406_001/a488fret_022.tif	121	786	14	121.0	785.0	10.0	a488	3499	4965	5099	2	5	7.0.2	121	785	10	2.0	1200.833044182246	0.23681178885586832	3870.0	0.7631882111441317	1.0	-0.20092146848973796	-0.8109722554866947	-0.26687845863952353	0.0	2.0	76.78288993111119
87	25	1	2	/home/xiaoze/Desktop/user_folders/Xiaoze/FRET-FISH/iAM746_20220406_001/a488_025.tif	/home/xiaoze/Desktop/user_folders/Xiaoze/FRET-FISH/iAM746_20220406_001/a594_025.tif	/home/xiaoze/Desktop/user_folders/Xiaoze/FRET-FISH/iAM746_20220406_001/a488fret_025.tif	887	814	6	891.0	813.0	7.0	a488	4269	9357	4125	1	5	7.0.2	891	813	7	3.0	650.0	0.32382776838753274	1357.2398461583716	0.6761722316124672	2.0	0.686761583779502	0.21552088051264665	-0.33225503772142895	0.0	2.0	53.77661492293692
87	25	1	2	/home/xiaoze/Desktop/user_folders/Xiaoze/FRET-FISH/iAM746_20220406_001/a488_025.tif	/home/xiaoze/Desktop/user_folders/Xiaoze/FRET-FISH/iAM746_20220406_001/a594_025.tif	/home/xiaoze/Desktop/user_folders/Xiaoze/FRET-FISH/iAM746_20220406_001/a488fret_025.tif	833	786	13	837.0	786.0	14.0	a488	3811	5463	3847	2	5	7.0.2	837	786	14	3.0	1414.107492378143	0.5393669329793191	1207.683733433551	0.46063306702068085	0.0	0.055320404662680865	0.17209426151232196	0.01774496227857103	0.0	1.0	53.77661492293692
92	27	1	2	/home/xiaoze/Desktop/user_folders/Xiaoze/FRET-FISH/iAM746_20220406_001/a488_027.tif	/home/xiaoze/Desktop/user_folders/Xiaoze/FRET-FISH/iAM746_20220406_001/a594_027.tif	/home/xiaoze/Desktop/user_folders/Xiaoze/FRET-FISH/iAM746_20220406_001/a488fret_027.tif	190	209	13	191.0	214.0	11.0	a488	3633	2935	5416	1	5	7.0.2	191	214	11	2.0	1200.833044182246	0.21183333981435457	4467.930169552787	0.7881666601856454	2.0	0.7357063191398732	-0.4643473676236645	-0.21045582520957448	0.0	2.0	105.52046849350856
92	27	1	2	/home/xiaoze/Desktop/user_folders/Xiaoze/FRET-FISH/iAM746_20220406_001/a488_027.tif	/home/xiaoze/Desktop/user_folders/Xiaoze/FRET-FISH/iAM746_20220406_001/a594_027.tif	/home/xiaoze/Desktop/user_folders/Xiaoze/FRET-FISH/iAM746_20220406_001/a488fret_027.tif	151	156	8	149.0	160.0	5.0	a488	3203	1807	12999	2	5	7.0.2	149	160	5	2.0	1500.0	0.3274679750543386	3080.6005907939443	0.6725320249456614	1.0	-0.0015534058258146678	0.38693932107402135	-0.5347801495338989	0.0	1.0	105.52046849350856
93	27	2	2	/home/xiaoze/Desktop/user_folders/Xiaoze/FRET-FISH/iAM746_20220406_001/a488_027.tif	/home/xiaoze/Desktop/user_folders/Xiaoze/FRET-FISH/iAM746_20220406_001/a594_027.tif	/home/xiaoze/Desktop/user_folders/Xiaoze/FRET-FISH/iAM746_20220406_001/a488fret_027.tif	481	173	10	478.0	166.0	10.0	a488	3793	2913	5604	1	5	7.0.2	478	166	10	4.0	3000.0	0.6422706736776254	1670.9278859364338	0.35772932632237464	1.0	0.11335118608696411	-0.4781789042317992	-0.27284397218732676	0.0	1.0	28.44536147295273
93	27	2	2	/home/xiaoze/Desktop/user_folders/Xiaoze/FRET-FISH/iAM746_20220406_001/a488_027.tif	/home/xiaoze/Desktop/user_folders/Xiaoze/FRET-FISH/iAM746_20220406_001/a594_027.tif	/home/xiaoze/Desktop/user_folders/Xiaoze/FRET-FISH/iAM746_20220406_001/a488fret_027.tif	478	139	6	478.0	138.0	8.0	a488	5096	1800	4741	2	5	7.0.2	478	138	8	4.0	815.2300288875527	0.16592466792031607	4098.023914034666	0.8340753320796839	2.0	0.549511768270848	-0.65654486638743	-0.3904910310108562	0.0	2.0	28.44536147295273
95	27	4	2	/home/xiaoze/Desktop/user_folders/Xiaoze/FRET-FISH/iAM746_20220406_001/a488_027.tif	/home/xiaoze/Desktop/user_folders/Xiaoze/FRET-FISH/iAM746_20220406_001/a594_027.tif	/home/xiaoze/Desktop/user_folders/Xiaoze/FRET-FISH/iAM746_20220406_001/a488fret_027.tif	551	444	16	552.0	449.0	16.0	a488	4223	2060	8395	1	5	7.0.2	552	449	16	5.0	3158.2431825304398	0.7393866140042554	1113.1936040060598	0.2606133859957446	0.0	0.4442203436388092	-0.14868794572564195	0.03319508858632325	0.0	1.0	141.96391098933697
95	27	4	2	/home/xiaoze/Desktop/user_folders/Xiaoze/FRET-FISH/iAM746_20220406_001/a488_027.tif	/home/xiaoze/Desktop/user_folders/Xiaoze/FRET-FISH/iAM746_20220406_001/a594_027.tif	/home/xiaoze/Desktop/user_folders/Xiaoze/FRET-FISH/iAM746_20220406_001/a488fret_027.tif	567	377	10	570.0	379.0	7.0	a488	3826	2183	10812	2	5	7.0.2	570	379	7	5.0	1315.0285168010616	0.2409978620985739	4141.569750710471	0.7590021379014261	2.0	-0.7864905218828372	-0.2676282358879632	-0.46680491141367675	0.0	2.0	141.96391098933697
96	27	5	2	/home/xiaoze/Desktop/user_folders/Xiaoze/FRET-FISH/iAM746_20220406_001/a488_027.tif	/home/xiaoze/Desktop/user_folders/Xiaoze/FRET-FISH/iAM746_20220406_001/a594_027.tif	/home/xiaoze/Desktop/user_folders/Xiaoze/FRET-FISH/iAM746_20220406_001/a488fret_027.tif	453	716	9	449.0	711.0	10.0	a488	3036	2876	6650	1	5	7.0.2	449	711	10	3.0	1849.0267710338865	0.40355016085546397	2732.8739451354136	0.5964498391445361	2.0	-0.6988212711759922	0.22592934676990548	-0.26330058984719706	0.0	1.0	55.360416072293134
96	27	5	2	/home/xiaoze/Desktop/user_folders/Xiaoze/FRET-FISH/iAM746_20220406_001/a488_027.tif	/home/xiaoze/Desktop/user_folders/Xiaoze/FRET-FISH/iAM746_20220406_001/a594_027.tif	/home/xiaoze/Desktop/user_folders/Xiaoze/FRET-FISH/iAM746_20220406_001/a488fret_027.tif	486	723	17	484.0	722.0	13.0	a488	3342	1727	6469	2	5	7.0.2	484	722	13	3.0	875.2142594816426	0.2000228501946492	3500.3571246374277	0.7999771498053508	1.0	-0.24455460387845826	0.8053353471914046	-0.07580058984719706	0.0	2.0	55.360416072293134
97	27	6	2	/home/xiaoze/Desktop/user_folders/Xiaoze/FRET-FISH/iAM746_20220406_001/a488_027.tif	/home/xiaoze/Desktop/user_folders/Xiaoze/FRET-FISH/iAM746_20220406_001/a594_027.tif	/home/xiaoze/Desktop/user_folders/Xiaoze/FRET-FISH/iAM746_20220406_001/a488fret_027.tif	664	748	7	665.0	743.0	5.0	a488	3597	1959	11673	1	5	7.0.2	665	743	5	6.0	1500.0	0.38461538461538464	2400.0	0.6153846153846154	1.0	0.030937789739700322	0.09753359391458104	-0.5777082323249895	0.0	2.0	57.80485155259266
97	27	6	2	/home/xiaoze/Desktop/user_folders/Xiaoze/FRET-FISH/iAM746_20220406_001/a488_027.tif	/home/xiaoze/Desktop/user_folders/Xiaoze/FRET-FISH/iAM746_20220406_001/a594_027.tif	/home/xiaoze/Desktop/user_folders/Xiaoze/FRET-FISH/iAM746_20220406_001/a488fret_027.tif	649	770	5	649.0	764.0	6.0	a488	4006	2078	16166	2	5	7.0.2	649	764	6	6.0	1800.0	0.43107089253637304	2375.6472802164885	0.5689291074636269	1.0	-0.43861232654462484	-0.01911209367213545	-0.5171021717189289	0.0	1.0	57.80485155259266
102	29	2	2	/home/xiaoze/Desktop/user_folders/Xiaoze/FRET-FISH/iAM746_20220406_001/a488_029.tif	/home/xiaoze/Desktop/user_folders/Xiaoze/FRET-FISH/iAM746_20220406_001/a594_029.tif	/home/xiaoze/Desktop/user_folders/Xiaoze/FRET-FISH/iAM746_20220406_001/a488fret_029.tif	455	484	7	454.0	483.0	9.0	a488	4066	4752	4771	1	5	7.0.2	454	483	9	4.0	1608.0111939908877	0.6362691415273835	919.2388155425118	0.36373085847261655	2.0	0.6573851924735679	-0.38504789310690846	-0.2585040313451047	0.0	1.0	98.07874525721387
102	29	2	2	/home/xiaoze/Desktop/user_folders/Xiaoze/FRET-FISH/iAM746_20220406_001/a488_029.tif	/home/xiaoze/Desktop/user_folders/Xiaoze/FRET-FISH/iAM746_20220406_001/a594_029.tif	/home/xiaoze/Desktop/user_folders/Xiaoze/FRET-FISH/iAM746_20220406_001/a488fret_029.tif	403	485	11	401.0	484.0	13.0	a488	5102	9250	5301	2	5	7.0.2	401	484	13	4.0	300.0	0.10086204312226923	2674.359736460299	0.8991379568777308	1.0	-0.1838511567812415	-0.26756903740752175	-0.016079788920862263	0.0	2.0	98.07874525721387
103	29	3	2	/home/xiaoze/Desktop/user_folders/Xiaoze/FRET-FISH/iAM746_20220406_001/a488_029.tif	/home/xiaoze/Desktop/user_folders/Xiaoze/FRET-FISH/iAM746_20220406_001/a594_029.tif	/home/xiaoze/Desktop/user_folders/Xiaoze/FRET-FISH/iAM746_20220406_001/a488fret_029.tif	105	814	10	98.0	816.0	9.0	a488	3650	4753	9650	1	5	7.0.2	98	816	9	1.0	875.2142594816426	0.3423056931421893	1681.6063748689821	0.6576943068578107	2.0	-0.7745540996726464	0.32274184053171834	-0.27021042638226644	0.0	2.0	98.05492890352502
103	29	3	2	/home/xiaoze/Desktop/user_folders/Xiaoze/FRET-FISH/iAM746_20220406_001/a488_029.tif	/home/xiaoze/Desktop/user_folders/Xiaoze/FRET-FISH/iAM746_20220406_001/a594_029.tif	/home/xiaoze/Desktop/user_folders/Xiaoze/FRET-FISH/iAM746_20220406_001/a488fret_029.tif	126	754	11	126.0	753.0	7.0	a488	4333	9515	4887	2	5	7.0.2	126	753	7	1.0	1177.2000679578641	0.355155457424697	2137.404968647729	0.644844542575303	1.0	0.31278369833196035	0.45794450738613013	-0.3878574852057959	0.0	1.0	98.05492890352502
104	29	4	2	/home/xiaoze/Desktop/user_folders/Xiaoze/FRET-FISH/iAM746_20220406_001/a488_029.tif	/home/xiaoze/Desktop/user_folders/Xiaoze/FRET-FISH/iAM746_20220406_001/a594_029.tif	/home/xiaoze/Desktop/user_folders/Xiaoze/FRET-FISH/iAM746_20220406_001/a488fret_029.tif	793	952	6	795.0	955.0	7.0	a488	3666	5650	3982	1	5	7.0.2	795	955	7	7.0	1690.0	0.7378838895144747	600.3332407921454	0.2621161104855253	1.0	0.28808190762017427	0.7171681504608808	-0.347452165345839	0.0	1.0	134.75725744214648
104	29	4	2	/home/xiaoze/Desktop/user_folders/Xiaoze/FRET-FISH/iAM746_20220406_001/a488_029.tif	/home/xiaoze/Desktop/user_folders/Xiaoze/FRET-FISH/iAM746_20220406_001/a594_029.tif	/home/xiaoze/Desktop/user_folders/Xiaoze/FRET-FISH/iAM746_20220406_001/a488fret_029.tif	774	870	7	777.0	866.0	4.0	a488	3505	3166	6182	2	5	7.0.2	777	866	4	7.0	1200.0	0.4942657678165604	1227.8436382536663	0.5057342321834396	1.0	-0.402195103332024	-0.5002746243748543	-0.5188807367744104	0.0	2.0	134.75725744214648
106	30	2	2	/home/xiaoze/Desktop/user_folders/Xiaoze/FRET-FISH/iAM746_20220406_001/a488_030.tif	/home/xiaoze/Desktop/user_folders/Xiaoze/FRET-FISH/iAM746_20220406_001/a594_030.tif	/home/xiaoze/Desktop/user_folders/Xiaoze/FRET-FISH/iAM746_20220406_001/a488fret_030.tif	206	538	11	203.0	533.0	8.0	a488	2919	1911	15689	1	5	7.0.2	203	533	8	1.0	1470.782104868019	0.5006837263051693	1466.7651482088058	0.49931627369483067	2.0	0.6939814871169525	0.3986612599931192	-0.3822826686770022	0.0	1.0	64.83952768124058
106	30	2	2	/home/xiaoze/Desktop/user_folders/Xiaoze/FRET-FISH/iAM746_20220406_001/a488_030.tif	/home/xiaoze/Desktop/user_folders/Xiaoze/FRET-FISH/iAM746_20220406_001/a594_030.tif	/home/xiaoze/Desktop/user_folders/Xiaoze/FRET-FISH/iAM746_20220406_001/a488fret_030.tif	200	489	15	200.0	488.0	11.0	a488	3355	3795	5281	2	5	7.0.2	200	488	11	1.0	2105.445321066306	0.3999702267166705	3158.559798389133	0.6000297732833295	1.0	-0.00813645937022393	0.48708927257254553	-0.19478266867700222	0.0	2.0	64.83952768124058
108	30	4	2	/home/xiaoze/Desktop/user_folders/Xiaoze/FRET-FISH/iAM746_20220406_001/a488_030.tif	/home/xiaoze/Desktop/user_folders/Xiaoze/FRET-FISH/iAM746_20220406_001/a594_030.tif	/home/xiaoze/Desktop/user_folders/Xiaoze/FRET-FISH/iAM746_20220406_001/a488fret_030.tif	262	850	7	257.0	844.0	7.0	a488	3867	8822	5140	1	5	7.0.2	257	844	7	2.0	2077.257807784099	0.4120803969018614	2963.6464026600743	0.5879196030981386	1.0	-0.373531941960109	0.6131210484108709	-0.47006901495170794	0.0	2.0	67.03894932033549
108	30	4	2	/home/xiaoze/Desktop/user_folders/Xiaoze/FRET-FISH/iAM746_20220406_001/a488_030.tif	/home/xiaoze/Desktop/user_folders/Xiaoze/FRET-FISH/iAM746_20220406_001/a594_030.tif	/home/xiaoze/Desktop/user_folders/Xiaoze/FRET-FISH/iAM746_20220406_001/a488fret_030.tif	242	809	7	246.0	807.0	8.0	a488	5243	12079	5061	2	5	7.0.2	246	807	8	2.0	2400.0	0.583862696960899	1710.5554653386719	0.416137303039101	1.0	-0.2877155291214178	-0.23687364941371605	-0.41451345939615236	0.0	1.0	67.03894932033549
110	31	2	2	/home/xiaoze/Desktop/user_folders/Xiaoze/FRET-FISH/iAM746_20220406_001/a488_031.tif	/home/xiaoze/Desktop/user_folders/Xiaoze/FRET-FISH/iAM746_20220406_001/a594_031.tif	/home/xiaoze/Desktop/user_folders/Xiaoze/FRET-FISH/iAM746_20220406_001/a488fret_031.tif	496	362	8	499.0	364.0	5.0	a488	2750	1576	8948	1	5	7.0.2	499	364	5	3.0	984.0731680114035	0.2010072568681185	3911.6364861781317	0.7989927431318815	2.0	0.5190504745934363	0.449752771024155	-0.4724016527172576	0.0	2.0	41.10194339561084
110	31	2	2	/home/xiaoze/Desktop/user_folders/Xiaoze/FRET-FISH/iAM746_20220406_001/a488_031.tif	/home/xiaoze/Desktop/user_folders/Xiaoze/FRET-FISH/iAM746_20220406_001/a594_031.tif	/home/xiaoze/Desktop/user_folders/Xiaoze/FRET-FISH/iAM746_20220406_001/a488fret_031.tif	474	346	12	473.0	340.0	9.0	a488	2522	2436	6439	2	5	7.0.2	473	340	9	3.0	919.2388155425118	0.21234776905149294	3409.6920682079194	0.787652230948507	1.0	0.14233578664422758	0.7939801847289311	-0.24383022414582903	0.0	1.0	41.10194339561084
111	31	3	2	/home/xiaoze/Desktop/user_folders/Xiaoze/FRET-FISH/iAM746_20220406_001/a488_031.tif	/home/xiaoze/Desktop/user_folders/Xiaoze/FRET-FISH/iAM746_20220406_001/a594_031.tif	/home/xiaoze/Desktop/user_folders/Xiaoze/FRET-FISH/iAM746_20220406_001/a488fret_031.tif	357	635	6	354.0	638.0	6.0	a488	4326	8501	8867	1	5	7.0.2	354	638	6	2.0	1334.1664064126335	0.25798525503735265	3837.3167708699784	0.7420147449626473	1.0	0.16955174083970379	-0.17958656302326442	-0.4028199465355933	0.0	1.0	98.48460849694716
111	31	3	2	/home/xiaoze/Desktop/user_folders/Xiaoze/FRET-FISH/iAM746_20220406_001/a488_031.tif	/home/xiaoze/Desktop/user_folders/Xiaoze/FRET-FISH/iAM746_20220406_001/a594_031.tif	/home/xiaoze/Desktop/user_folders/Xiaoze/FRET-FISH/iAM746_20220406_001/a488fret_031.tif	332	607	14	337.0	608.0	12.0	a488	3547	5061	5788	2	5	7.0.2	337	608	12	2.0	700.0714249274855	0.2524452956197933	2073.089481908584	0.7475547043802067	1.0	-0.23221087003437885	-0.22581518865573277	-0.07849562221126895	0.0	2.0	98.48460849694716
112	31	4	2	/home/xiaoze/Desktop/user_folders/Xiaoze/FRET-FISH/iAM746_20220406_001/a488_031.tif	/home/xiaoze/Desktop/user_folders/Xiaoze/FRET-FISH/iAM746_20220406_001/a594_031.tif	/home/xiaoze/Desktop/user_folders/Xiaoze/FRET-FISH/iAM746_20220406_001/a488fret_031.tif	789	694	13	792.0	695.0	11.0	a488	2548	1543	5294	1	5	7.0.2	792	695	11												
112	31	4	2	/home/xiaoze/Desktop/user_folders/Xiaoze/FRET-FISH/iAM746_20220406_001/a488_031.tif	/home/xiaoze/Desktop/user_folders/Xiaoze/FRET-FISH/iAM746_20220406_001/a594_031.tif	/home/xiaoze/Desktop/user_folders/Xiaoze/FRET-FISH/iAM746_20220406_001/a488fret_031.tif	769	694	9	767.0	688.0	6.0	a488	2583	1783	13792	2	5	7.0.2	767	688	6	4.0	1800.0	1.0	0.0	0.0	1.0	-0.4306163734061489	-0.3763710725512459	-0.28322383754807134	0.0	0.0	
113	32	1	2	/home/xiaoze/Desktop/user_folders/Xiaoze/FRET-FISH/iAM746_20220406_001/a488_032.tif	/home/xiaoze/Desktop/user_folders/Xiaoze/FRET-FISH/iAM746_20220406_001/a594_032.tif	/home/xiaoze/Desktop/user_folders/Xiaoze/FRET-FISH/iAM746_20220406_001/a488fret_032.tif	224	240	7	226.0	236.0	4.0	a488	3573	2762	12081	1	5	7.0.2	226	236	4	1.0	980.8669634563089	0.3979475950435599	1483.9474384222644	0.6020524049564401	2.0	-0.6732611425473459	-0.26579458911740333	-0.4561253500983064	0.0	1.0	34.883163427289446
113	32	1	2	/home/xiaoze/Desktop/user_folders/Xiaoze/FRET-FISH/iAM746_20220406_001/a488_032.tif	/home/xiaoze/Desktop/user_folders/Xiaoze/FRET-FISH/iAM746_20220406_001/a594_032.tif	/home/xiaoze/Desktop/user_folders/Xiaoze/FRET-FISH/iAM746_20220406_001/a488fret_032.tif	186	243	9	183.0	248.0	9.0	a488	3209	1631	7111	2	5	7.0.2	183	248	9	1.0	937.4433316206372	0.3567891723253309	1690.0	0.6432108276746691	2.0	-0.8192541653945449	0.27476548971168885	-0.19296745536146429	0.0	2.0	34.883163427289446
114	32	2	2	/home/xiaoze/Desktop/user_folders/Xiaoze/FRET-FISH/iAM746_20220406_001/a488_032.tif	/home/xiaoze/Desktop/user_folders/Xiaoze/FRET-FISH/iAM746_20220406_001/a594_032.tif	/home/xiaoze/Desktop/user_folders/Xiaoze/FRET-FISH/iAM746_20220406_001/a488fret_032.tif	843	887	7	846.0	888.0	8.0	a488	3401	6288	5954	1	5	7.0.2	846	888	8	5.0	1430.0	0.3619744114599049	2520.555494330565	0.6380255885400952	2.0	0.8363412382882123	0.11330815848662303	-0.2461493366989782	0.0	1.0	63.11256573926206
114	32	2	2	/home/xiaoze/Desktop/user_folders/Xiaoze/FRET-FISH/iAM746_20220406_001/a488_032.tif	/home/xiaoze/Desktop/user_folders/Xiaoze/FRET-FISH/iAM746_20220406_001/a594_032.tif	/home/xiaoze/Desktop/user_folders/Xiaoze/FRET-FISH/iAM746_20220406_001/a488fret_032.tif	794	847	7	797.0	843.0	4.0	a488	2648	1770	7987	2	5	7.0.2	797	843	4	5.0	1170.0	0.2022026066460333	4616.275555033516	0.7977973933539667	1.0	0.3858645058010886	-0.7718822793275745	-0.4747207652704068	0.0	2.0	63.11256573926206
117	33	2	2	/home/xiaoze/Desktop/user_folders/Xiaoze/FRET-FISH/iAM746_20220406_001/a488_033.tif	/home/xiaoze/Desktop/user_folders/Xiaoze/FRET-FISH/iAM746_20220406_001/a594_033.tif	/home/xiaoze/Desktop/user_folders/Xiaoze/FRET-FISH/iAM746_20220406_001/a488fret_033.tif	793	246	6	794.0	244.0	6.0	a488	2822	5188	5794	1	5	7.0.2	794	244	6	5.0	715.8910531638177	0.29433947023877927	1716.3041688465364	0.7056605297612207	2.0	-0.6598847064952296	0.6382189411763111	-0.4148421954462365	0.0	2.0	49.83682811764754
117	33	2	2	/home/xiaoze/Desktop/user_folders/Xiaoze/FRET-FISH/iAM746_20220406_001/a488_033.tif	/home/xiaoze/Desktop/user_folders/Xiaoze/FRET-FISH/iAM746_20220406_001/a594_033.tif	/home/xiaoze/Desktop/user_folders/Xiaoze/FRET-FISH/iAM746_20220406_001/a488fret_033.tif	840	244	12	842.0	243.0	12.0	a488	3252	4996	4459	2	5	7.0.2	842	243	12	5.0	910.0	0.336605640447371	1793.4603424664845	0.663394359552629	1.0	-0.04428856375716293	0.8873695262057477	-0.07198505258909366	0.0	1.0	49.83682811764754
120	33	5	2	/home/xiaoze/Desktop/user_folders/Xiaoze/FRET-FISH/iAM746_20220406_001/a488_033.tif	/home/xiaoze/Desktop/user_folders/Xiaoze/FRET-FISH/iAM746_20220406_001/a594_033.tif	/home/xiaoze/Desktop/user_folders/Xiaoze/FRET-FISH/iAM746_20220406_001/a488fret_033.tif	701	955	14	704.0	954.0	11.0	a488	2961	1836	4488	1	5	7.0.2	704	954	11	4.0	556.5069631190611	0.2342026294931172	1819.6702998070832	0.7657973705068828	1.0	0.334096319208709	0.4430353111093597	-0.07721418567783513	0.0	2.0	62.336128170062025
120	33	5	2	/home/xiaoze/Desktop/user_folders/Xiaoze/FRET-FISH/iAM746_20220406_001/a488_033.tif	/home/xiaoze/Desktop/user_folders/Xiaoze/FRET-FISH/iAM746_20220406_001/a594_033.tif	/home/xiaoze/Desktop/user_folders/Xiaoze/FRET-FISH/iAM746_20220406_001/a488fret_033.tif	663	981	9	666.0	978.0	6.0	a488	2642	2022	13421	2	5	7.0.2	666	978	6	4.0	1365.3204751998703	0.6897062830858686	614.2475071174485	0.31029371691413143	1.0	-0.16877865945944173	0.7977015695080588	-0.38024448870813815	0.0	1.0	62.336128170062025
124	35	1	2	/home/xiaoze/Desktop/user_folders/Xiaoze/FRET-FISH/iAM746_20220406_001/a488_035.tif	/home/xiaoze/Desktop/user_folders/Xiaoze/FRET-FISH/iAM746_20220406_001/a594_035.tif	/home/xiaoze/Desktop/user_folders/Xiaoze/FRET-FISH/iAM746_20220406_001/a488fret_035.tif	231	312	15	228.0	308.0	16.0	a488	3105	3618	4797	1	5	7.0.2	228	308	16	2.0	2606.9330639661616	0.7036906173918077	1097.7249200050073	0.2963093826081923	0.0	-0.2814849289621397	0.43050837401831393	0.11750700107329227	0.0	2.0	100.38466259142758
124	35	1	2	/home/xiaoze/Desktop/user_folders/Xiaoze/FRET-FISH/iAM746_20220406_001/a488_035.tif	/home/xiaoze/Desktop/user_folders/Xiaoze/FRET-FISH/iAM746_20220406_001/a594_035.tif	/home/xiaoze/Desktop/user_folders/Xiaoze/FRET-FISH/iAM746_20220406_001/a488fret_035.tif	259	252	15	260.0	257.0	13.0	a488	3372	4749	7924	2	5	7.0.2	260	257	13	2.0	2963.6464026600743	0.8054399332093438	715.8910531638177	0.19456006679065618	2.0	0.508687771471043	0.3567418972197244	-0.049159665593374396	0.0	1.0	100.38466259142758
125	35	2	2	/home/xiaoze/Desktop/user_folders/Xiaoze/FRET-FISH/iAM746_20220406_001/a488_035.tif	/home/xiaoze/Desktop/user_folders/Xiaoze/FRET-FISH/iAM746_20220406_001/a594_035.tif	/home/xiaoze/Desktop/user_folders/Xiaoze/FRET-FISH/iAM746_20220406_001/a488fret_035.tif	861	324	15	864.0	324.0	12.0	a488	3548	2323	7427	1	5	7.0.2	864	324	12	6.0	1334.1664064126335	0.26405716381866917	3718.4001936316645	0.7359428361813308	2.0	0.7161166063308636	0.16137151731058053	-0.10267478541188607	0.0	2.0	108.79327299487765
125	35	2	2	/home/xiaoze/Desktop/user_folders/Xiaoze/FRET-FISH/iAM746_20220406_001/a488_035.tif	/home/xiaoze/Desktop/user_folders/Xiaoze/FRET-FISH/iAM746_20220406_001/a594_035.tif	/home/xiaoze/Desktop/user_folders/Xiaoze/FRET-FISH/iAM746_20220406_001/a488fret_035.tif	793	347	7	792.0	346.0	9.0	a488	3796	4252	7127	2	5	7.0.2	792	346	9	6.0	1364.734406395618	0.27046460492419483	3681.154710141914	0.7295353950758052	1.0	-0.07995279617266335	-0.7382989593894235	-0.2791453736471802	0.0	1.0	108.79327299487765
126	35	3	2	/home/xiaoze/Desktop/user_folders/Xiaoze/FRET-FISH/iAM746_20220406_001/a488_035.tif	/home/xiaoze/Desktop/user_folders/Xiaoze/FRET-FISH/iAM746_20220406_001/a594_035.tif	/home/xiaoze/Desktop/user_folders/Xiaoze/FRET-FISH/iAM746_20220406_001/a488fret_035.tif	347	508	7	352.0	505.0	5.0	a488	3741	5396	6858	1	5	7.0.2	352	505	5	3.0	761.6429609731846	0.14507653946682386	4488.295890424338	0.8549234605331761	1.0	0.01445757242210772	0.5258821328786033	-0.5272237339794958	0.0	1.0	43.13282684853651
126	35	3	2	/home/xiaoze/Desktop/user_folders/Xiaoze/FRET-FISH/iAM746_20220406_001/a488_035.tif	/home/xiaoze/Desktop/user_folders/Xiaoze/FRET-FISH/iAM746_20220406_001/a594_035.tif	/home/xiaoze/Desktop/user_folders/Xiaoze/FRET-FISH/iAM746_20220406_001/a488fret_035.tif	358	482	11	357.0	481.0	7.0	a488	3408	1733	8240	2	5	7.0.2	357	481	7	3.0	600.3332407921454	0.12274044825753318	4290.74585590897	0.8772595517424668	1.0	0.09826861267952498	0.0794285642632591	-0.4191156258713877	0.0	2.0	43.13282684853651
129	35	6	2	/home/xiaoze/Desktop/user_folders/Xiaoze/FRET-FISH/iAM746_20220406_001/a488_035.tif	/home/xiaoze/Desktop/user_folders/Xiaoze/FRET-FISH/iAM746_20220406_001/a594_035.tif	/home/xiaoze/Desktop/user_folders/Xiaoze/FRET-FISH/iAM746_20220406_001/a488fret_035.tif	757	684	5	760.0	680.0	6.0	a488	3438	2055	16098	1	5	7.0.2	760	680	6	5.0	1800.0	0.46106321626799585	2104.0199618824913	0.5389367837320042	2.0	-0.5305351673920253	0.1955073704481194	-0.43428509388344055	0.0	2.0	106.03083239946298
129	35	6	2	/home/xiaoze/Desktop/user_folders/Xiaoze/FRET-FISH/iAM746_20220406_001/a488_035.tif	/home/xiaoze/Desktop/user_folders/Xiaoze/FRET-FISH/iAM746_20220406_001/a594_035.tif	/home/xiaoze/Desktop/user_folders/Xiaoze/FRET-FISH/iAM746_20220406_001/a488fret_035.tif	805	644	14	809.0	643.0	15.0	a488	3398	4211	4550	2	5	7.0.2	809	643	15	5.0	2431.8922673506736	0.6140032938680002	1528.8230767489088	0.38599670613199977	0.0	0.14854491460567398	0.4641100541141457	0.1111694515711049	0.0	1.0	106.03083239946298
130	36	1	2	/home/xiaoze/Desktop/user_folders/Xiaoze/FRET-FISH/iAM746_20220406_001/a488_036.tif	/home/xiaoze/Desktop/user_folders/Xiaoze/FRET-FISH/iAM746_20220406_001/a594_036.tif	/home/xiaoze/Desktop/user_folders/Xiaoze/FRET-FISH/iAM746_20220406_001/a488fret_036.tif	705	131	9	705.0	124.0	7.0	a488	4417	6024	4526	1	5	7.0.2	705	124	7	5.0	2100.0	0.43045481963465987	2778.560778532656	0.5695451803653402	1.0	0.47566127364030636	-0.32126783712977586	-0.44128178679690133	0.0	2.0	55.88018094399554
130	36	1	2	/home/xiaoze/Desktop/user_folders/Xiaoze/FRET-FISH/iAM746_20220406_001/a488_036.tif	/home/xiaoze/Desktop/user_folders/Xiaoze/FRET-FISH/iAM746_20220406_001/a594_036.tif	/home/xiaoze/Desktop/user_folders/Xiaoze/FRET-FISH/iAM746_20220406_001/a488fret_036.tif	698	97	18	697.0	97.0	14.0	a488	3847	3885	4204	2	5	7.0.2	697	97	14	5.0	3218.46236578898	0.722603937191262	1235.5160864998886	0.27739606280873796	1.0	0.028284355368725873	-0.4499100231269901	-0.09128178679690135	0.0	1.0	55.88018094399554
131	36	2	2	/home/xiaoze/Desktop/user_folders/Xiaoze/FRET-FISH/iAM746_20220406_001/a488_036.tif	/home/xiaoze/Desktop/user_folders/Xiaoze/FRET-FISH/iAM746_20220406_001/a594_036.tif	/home/xiaoze/Desktop/user_folders/Xiaoze/FRET-FISH/iAM746_20220406_001/a488fret_036.tif	312	140	7	315.0	136.0	8.0	a488	3638	5108	4803	1	5	7.0.2	315	136	8	2.0	2400.0	0.6110124196269441	1527.9070652366263	0.3889875803730559	1.0	0.06695772590758504	-0.01966962170923122	-0.35568195921257717	0.0	2.0	132.66758257134467
131	36	2	2	/home/xiaoze/Desktop/user_folders/Xiaoze/FRET-FISH/iAM746_20220406_001/a488_036.tif	/home/xiaoze/Desktop/user_folders/Xiaoze/FRET-FISH/iAM746_20220406_001/a594_036.tif	/home/xiaoze/Desktop/user_folders/Xiaoze/FRET-FISH/iAM746_20220406_001/a488fret_036.tif	298	126	13	297.0	124.0	15.0	a488	3370	1733	4338	2	5	7.0.2	297	124	15	2.0	4390.899680020029	1.0	0.0	0.0	0.0	-0.20532892122329813	-0.10629839760823631	0.08181804078742283	0.0	1.0	132.66758257134467
132	36	3	2	/home/xiaoze/Desktop/user_folders/Xiaoze/FRET-FISH/iAM746_20220406_001/a488_036.tif	/home/xiaoze/Desktop/user_folders/Xiaoze/FRET-FISH/iAM746_20220406_001/a594_036.tif	/home/xiaoze/Desktop/user_folders/Xiaoze/FRET-FISH/iAM746_20220406_001/a488fret_036.tif	824	346	8	818.0	345.0	9.0	a488	3756	5783	3783	1	5	7.0.2	818	345	9	7.0	290.68883707497264	0.07869099171455073	3403.365980907725	0.9213090082854493	1.0	-0.03677976893102884	-0.33642065206854577	-0.277969185261921	0.0	2.0	56.7674653894886
132	36	3	2	/home/xiaoze/Desktop/user_folders/Xiaoze/FRET-FISH/iAM746_20220406_001/a488_036.tif	/home/xiaoze/Desktop/user_folders/Xiaoze/FRET-FISH/iAM746_20220406_001/a594_036.tif	/home/xiaoze/Desktop/user_folders/Xiaoze/FRET-FISH/iAM746_20220406_001/a488fret_036.tif	815	351	18	809.0	354.0	18.0	a488	2803	1641	4880	2	5	7.0.2	809	354	18	7.0	2762.9694171307797	0.7373333813155564	984.2763839491427	0.26266661868444363	0.0	-0.22469859560114502	-0.3879359822352195	0.23631652902379333	0.0	1.0	56.7674653894886
134	36	5	2	/home/xiaoze/Desktop/user_folders/Xiaoze/FRET-FISH/iAM746_20220406_001/a488_036.tif	/home/xiaoze/Desktop/user_folders/Xiaoze/FRET-FISH/iAM746_20220406_001/a594_036.tif	/home/xiaoze/Desktop/user_folders/Xiaoze/FRET-FISH/iAM746_20220406_001/a488fret_036.tif	711	511	8	714.0	508.0	5.0	a488	3856	5405	8268	1	5	7.0.2	714	508	5	6.0	1500.0	0.32079321855788495	3175.9093186046734	0.679206781442115	2.0	0.6785353074633854	-0.16993160832739476	-0.5148575431354573	0.0	2.0	81.7887272274426
134	36	5	2	/home/xiaoze/Desktop/user_folders/Xiaoze/FRET-FISH/iAM746_20220406_001/a488_036.tif	/home/xiaoze/Desktop/user_folders/Xiaoze/FRET-FISH/iAM746_20220406_001/a594_036.tif	/home/xiaoze/Desktop/user_folders/Xiaoze/FRET-FISH/iAM746_20220406_001/a488fret_036.tif	750	542	16	753.0	538.0	17.0	a488	4099	6050	4887	2	5	7.0.2	753	538	17	6.0	4058.3001367567676	1.0	0.0	0.0	0.0	0.06434823313340929	-0.11742531242298837	0.21241518413727004	0.0	1.0	81.7887272274426
135	36	6	2	/home/xiaoze/Desktop/user_folders/Xiaoze/FRET-FISH/iAM746_20220406_001/a488_036.tif	/home/xiaoze/Desktop/user_folders/Xiaoze/FRET-FISH/iAM746_20220406_001/a594_036.tif	/home/xiaoze/Desktop/user_folders/Xiaoze/FRET-FISH/iAM746_20220406_001/a488fret_036.tif	85	687	13	81.0	684.0	10.0	a488	3647	6855	4726	1	5	7.0.2	81	684	10	1.0	1671.5262486721529	0.7725804046112655	492.03658400570174	0.22741959538873446	2.0	0.7841507594606407	0.4587820390387153	-0.1761833758106629	0.0	0.0	
135	36	6	2	/home/xiaoze/Desktop/user_folders/Xiaoze/FRET-FISH/iAM746_20220406_001/a488_036.tif	/home/xiaoze/Desktop/user_folders/Xiaoze/FRET-FISH/iAM746_20220406_001/a594_036.tif	/home/xiaoze/Desktop/user_folders/Xiaoze/FRET-FISH/iAM746_20220406_001/a488fret_036.tif	120	632	7	119.0	626.0	4.0	a488	3573	7478	4851	2	5	7.0.2	119	626	4												
136	36	7	2	/home/xiaoze/Desktop/user_folders/Xiaoze/FRET-FISH/iAM746_20220406_001/a488_036.tif	/home/xiaoze/Desktop/user_folders/Xiaoze/FRET-FISH/iAM746_20220406_001/a594_036.tif	/home/xiaoze/Desktop/user_folders/Xiaoze/FRET-FISH/iAM746_20220406_001/a488fret_036.tif	309	711	19	309.0	706.0	16.0	a488	2909	2261	8976	1	5	7.0.2	309	706	16	3.0	4326.01433192263	1.0	0.0	0.0	0.0	-0.12897427320323665	0.11625142342482311	0.09639870132766626	0.0	1.0	151.90572760438044
136	36	7	2	/home/xiaoze/Desktop/user_folders/Xiaoze/FRET-FISH/iAM746_20220406_001/a488_036.tif	/home/xiaoze/Desktop/user_folders/Xiaoze/FRET-FISH/iAM746_20220406_001/a594_036.tif	/home/xiaoze/Desktop/user_folders/Xiaoze/FRET-FISH/iAM746_20220406_001/a488fret_036.tif	350	670	14	345.0	666.0	15.0	a488	3117	1757	13365	2	5	7.0.2	345	666	15	3.0	1820.0	0.41442252648495936	2571.653164794973	0.5855774735150406	0.0	0.34918483155106944	-0.6544530446013147	0.03925584418480911	0.0	2.0	151.90572760438044
137	36	8	2	/home/xiaoze/Desktop/user_folders/Xiaoze/FRET-FISH/iAM746_20220406_001/a488_036.tif	/home/xiaoze/Desktop/user_folders/Xiaoze/FRET-FISH/iAM746_20220406_001/a594_036.tif	/home/xiaoze/Desktop/user_folders/Xiaoze/FRET-FISH/iAM746_20220406_001/a488fret_036.tif	891	821	15	893.0	820.0	12.0	a488	3409	5648	4069	1	5	7.0.2	893	820	12	8.0	3001.0831378020835	0.8219706384469532	650.0	0.17802936155304683	2.0	0.5582475061235724	0.2714552966347609	-0.1088926259618676	0.0	1.0	71.08044390542292
137	36	8	2	/home/xiaoze/Desktop/user_folders/Xiaoze/FRET-FISH/iAM746_20220406_001/a488_036.tif	/home/xiaoze/Desktop/user_folders/Xiaoze/FRET-FISH/iAM746_20220406_001/a594_036.tif	/home/xiaoze/Desktop/user_folders/Xiaoze/FRET-FISH/iAM746_20220406_001/a488fret_036.tif	873	862	15	872.0	862.0	17.0	a488	3126	3411	3570	2	5	7.0.2	872	862	17	8.0	1797.609523784295	0.42219284934766727	2460.1829200285088	0.5778071506523328	0.0	-0.0032205126317455305	0.6527092179078025	0.16888515181591016	0.0	2.0	71.08044390542292
141	37	4	2	/home/xiaoze/Desktop/user_folders/Xiaoze/FRET-FISH/iAM746_20220406_001/a488_037.tif	/home/xiaoze/Desktop/user_folders/Xiaoze/FRET-FISH/iAM746_20220406_001/a594_037.tif	/home/xiaoze/Desktop/user_folders/Xiaoze/FRET-FISH/iAM746_20220406_001/a488fret_037.tif	817	874	8	812.0	871.0	5.0	a488	2833	1597	7173	1	5	7.0.2	812	871	5	4.0	1500.0	0.24073329877079166	4730.961847235718	0.7592667012292084	2.0	-0.5068223252643517	0.26956407957831996	-0.6268357380922247	0.0	2.0	135.1320674120216
141	37	4	2	/home/xiaoze/Desktop/user_folders/Xiaoze/FRET-FISH/iAM746_20220406_001/a488_037.tif	/home/xiaoze/Desktop/user_folders/Xiaoze/FRET-FISH/iAM746_20220406_001/a594_037.tif	/home/xiaoze/Desktop/user_folders/Xiaoze/FRET-FISH/iAM746_20220406_001/a488fret_037.tif	842	938	17	846.0	938.0	14.0	a488	2958	1995	7530	2	5	7.0.2	846	938	14	4.0	3698.8241374793693	0.7927912641139518	966.7471230885562	0.20720873588604816	1.0	0.28118845154907124	-0.09789590070148459	-0.17683573809222466	0.0	1.0	135.1320674120216
142	38	1	2	/home/xiaoze/Desktop/user_folders/Xiaoze/FRET-FISH/iAM746_20220406_001/a488_038.tif	/home/xiaoze/Desktop/user_folders/Xiaoze/FRET-FISH/iAM746_20220406_001/a594_038.tif	/home/xiaoze/Desktop/user_folders/Xiaoze/FRET-FISH/iAM746_20220406_001/a488fret_038.tif	386	120	8	383.0	115.0	5.0	a488	3118	1693	9959	1	5	7.0.2	383	115	5	3.0	1500.0	0.38461538461538464	2400.0	0.6153846153846154	1.0	-0.15671697253331235	-0.1529920739182266	-0.48852694880437963	0.0	1.0	72.12836458764798
142	38	1	2	/home/xiaoze/Desktop/user_folders/Xiaoze/FRET-FISH/iAM746_20220406_001/a488_038.tif	/home/xiaoze/Desktop/user_folders/Xiaoze/FRET-FISH/iAM746_20220406_001/a594_038.tif	/home/xiaoze/Desktop/user_folders/Xiaoze/FRET-FISH/iAM746_20220406_001/a488fret_038.tif	422	103	8	426.0	98.0	8.0	a488	3301	4753	4117	2	5	7.0.2	426	98	8	3.0	1162.7553482998906	0.24035169666943978	3674.9693876276033	0.7596483033305602	1.0	0.21900767882157948	-0.843723080829828	-0.3170983773758082	0.0	2.0	72.12836458764798
143	38	2	2	/home/xiaoze/Desktop/user_folders/Xiaoze/FRET-FISH/iAM746_20220406_001/a488_038.tif	/home/xiaoze/Desktop/user_folders/Xiaoze/FRET-FISH/iAM746_20220406_001/a594_038.tif	/home/xiaoze/Desktop/user_folders/Xiaoze/FRET-FISH/iAM746_20220406_001/a488fret_038.tif	574	290	10	576.0	286.0	7.0	a488	4675	4315	11815	1	5	7.0.2	576	286	7	4.0	1381.9189556555045	0.263024921188682	3872.02789246152	0.7369750788113181	1.0	0.3750432380050268	0.07779204575070556	-0.5919379122843124	0.0	2.0	115.69495787568141
143	38	2	2	/home/xiaoze/Desktop/user_folders/Xiaoze/FRET-FISH/iAM746_20220406_001/a488_038.tif	/home/xiaoze/Desktop/user_folders/Xiaoze/FRET-FISH/iAM746_20220406_001/a594_038.tif	/home/xiaoze/Desktop/user_folders/Xiaoze/FRET-FISH/iAM746_20220406_001/a488fret_038.tif	571	209	10	567.0	204.0	7.0	a488	4444	3167	16541	2	5	7.0.2	567	204	7	4.0	2100.0	0.5180041603078156	1954.0214942523023	0.4819958396921844	2.0	-0.5564281575067449	-0.10055080341133485	-0.5919379122843124	0.0	1.0	115.69495787568141
144	38	3	2	/home/xiaoze/Desktop/user_folders/Xiaoze/FRET-FISH/iAM746_20220406_001/a488_038.tif	/home/xiaoze/Desktop/user_folders/Xiaoze/FRET-FISH/iAM746_20220406_001/a594_038.tif	/home/xiaoze/Desktop/user_folders/Xiaoze/FRET-FISH/iAM746_20220406_001/a488fret_038.tif	830	582	14	825.0	580.0	11.0	a488	3087	2589	6341	1	5	7.0.2	825	580	11	6.0	1599.1872935963443	0.3573755451732023	2875.621671917222	0.6426244548267976	2.0	0.8057705175616245	0.0026153299852695404	-0.16891971700678898	0.0	1.0	66.18383418405884
144	38	3	2	/home/xiaoze/Desktop/user_folders/Xiaoze/FRET-FISH/iAM746_20220406_001/a488_038.tif	/home/xiaoze/Desktop/user_folders/Xiaoze/FRET-FISH/iAM746_20220406_001/a594_038.tif	/home/xiaoze/Desktop/user_folders/Xiaoze/FRET-FISH/iAM746_20220406_001/a488fret_038.tif	779	546	7	782.0	548.0	4.0	a488	3218	1929	12131	2	5	7.0.2	782	548	4	6.0	1200.0	0.2929479567555022	2896.2907312630064	0.7070520432444978	1.0	0.1274436306274155	0.38236094550003163	-0.5806844228891419	0.0	2.0	66.18383418405884
148	39	2	2	/home/xiaoze/Desktop/user_folders/Xiaoze/FRET-FISH/iAM746_20220406_001/a488_039.tif	/home/xiaoze/Desktop/user_folders/Xiaoze/FRET-FISH/iAM746_20220406_001/a594_039.tif	/home/xiaoze/Desktop/user_folders/Xiaoze/FRET-FISH/iAM746_20220406_001/a488fret_039.tif	852	438	9	855.0	434.0	6.0	a488	4692	9125	3918	1	5	7.0.2	855	434	6	4.0	1800.0	0.5778720428246962	1314.8764200486676	0.4221279571753038	2.0	0.7466774771759752	0.3292562962194046	-0.3924961784590033	0.0	2.0	127.1510856180224
148	39	2	2	/home/xiaoze/Desktop/user_folders/Xiaoze/FRET-FISH/iAM746_20220406_001/a488_039.tif	/home/xiaoze/Desktop/user_folders/Xiaoze/FRET-FISH/iAM746_20220406_001/a594_039.tif	/home/xiaoze/Desktop/user_folders/Xiaoze/FRET-FISH/iAM746_20220406_001/a488fret_039.tif	750	447	6	749.0	453.0	5.0	a488	3549	4057	3893	2	5	7.0.2	749	453	5	4.0	1500.0	0.6155606153922732	936.8030742904295	0.38443938460772675	1.0	-0.48380467958391876	0.3679379698299182	-0.451319707870768	0.0	1.0	127.1510856180224
151	40	2	2	/home/xiaoze/Desktop/user_folders/Xiaoze/FRET-FISH/iAM746_20220406_001/a488_040.tif	/home/xiaoze/Desktop/user_folders/Xiaoze/FRET-FISH/iAM746_20220406_001/a594_040.tif	/home/xiaoze/Desktop/user_folders/Xiaoze/FRET-FISH/iAM746_20220406_001/a488fret_040.tif	89	206	12	88.0	201.0	9.0	a488	3168	2563	12798	1	5	7.0.2	88	201	9	8.0	468.7216658103186	0.3006736297182711	1090.1834707974617	0.699326370281729	1.0	0.39059845708769214	0.6076993695075688	-0.33067987789103326	0.0	0.0	
151	40	2	2	/home/xiaoze/Desktop/user_folders/Xiaoze/FRET-FISH/iAM746_20220406_001/a488_040.tif	/home/xiaoze/Desktop/user_folders/Xiaoze/FRET-FISH/iAM746_20220406_001/a594_040.tif	/home/xiaoze/Desktop/user_folders/Xiaoze/FRET-FISH/iAM746_20220406_001/a488fret_040.tif	133	281	18	132.0	275.0	15.0	a488	2740	1761	5195	2	5	7.0.2	132	275	15	11.0	390.0	0.28203150094945456	992.8242543370906	0.7179684990505455	2.0	0.5915316691575941	0.3123017650483233	0.1133454611010047	0.0	0.0	
152	40	3	2	/home/xiaoze/Desktop/user_folders/Xiaoze/FRET-FISH/iAM746_20220406_001/a488_040.tif	/home/xiaoze/Desktop/user_folders/Xiaoze/FRET-FISH/iAM746_20220406_001/a594_040.tif	/home/xiaoze/Desktop/user_folders/Xiaoze/FRET-FISH/iAM746_20220406_001/a488fret_040.tif	738	290	16	737.0	288.0	12.0	a488	4518	5987	4709	1	5	7.0.2	737	288	12	5.0	260.0	0.09512742351860284	2473.1760956308794	0.9048725764813972	1.0	0.04906932399737474	-0.5320217833337534	-0.004540425364772118	0.0	2.0	157.51916054083065
152	40	3	2	/home/xiaoze/Desktop/user_folders/Xiaoze/FRET-FISH/iAM746_20220406_001/a488_040.tif	/home/xiaoze/Desktop/user_folders/Xiaoze/FRET-FISH/iAM746_20220406_001/a594_040.tif	/home/xiaoze/Desktop/user_folders/Xiaoze/FRET-FISH/iAM746_20220406_001/a488fret_040.tif	692	334	17	691.0	332.0	13.0	a488	4271	4249	4551	2	5	7.0.2	691	332	13	5.0	613.9218191268332	0.3358575073594818	1214.0016474453403	0.6641424926405182	0.0	0.14796876224592834	0.8458639948451172	0.06953364870930195	0.0	1.0	157.51916054083065
153	40	4	2	/home/xiaoze/Desktop/user_folders/Xiaoze/FRET-FISH/iAM746_20220406_001/a488_040.tif	/home/xiaoze/Desktop/user_folders/Xiaoze/FRET-FISH/iAM746_20220406_001/a594_040.tif	/home/xiaoze/Desktop/user_folders/Xiaoze/FRET-FISH/iAM746_20220406_001/a488fret_040.tif	430	635	8	424.0	633.0	6.0	a488	4038	9280	9355	1	5	7.0.2	424	633	6	1.0	1300.0	1.0	0.0	0.0	1.0	0.1727104189230722	0.09590316722775354	-0.44321065512205643	0.0	0.0	
153	40	4	2	/home/xiaoze/Desktop/user_folders/Xiaoze/FRET-FISH/iAM746_20220406_001/a488_040.tif	/home/xiaoze/Desktop/user_folders/Xiaoze/FRET-FISH/iAM746_20220406_001/a594_040.tif	/home/xiaoze/Desktop/user_folders/Xiaoze/FRET-FISH/iAM746_20220406_001/a488fret_040.tif	502	634	15	501.0	640.0	14.0	a488	4087	7477	4881	2	5	7.0.2	501	640	14												
154	40	5	2	/home/xiaoze/Desktop/user_folders/Xiaoze/FRET-FISH/iAM746_20220406_001/a488_040.tif	/home/xiaoze/Desktop/user_folders/Xiaoze/FRET-FISH/iAM746_20220406_001/a594_040.tif	/home/xiaoze/Desktop/user_folders/Xiaoze/FRET-FISH/iAM746_20220406_001/a488fret_040.tif	140	708	17	139.0	707.0	19.0	a488	3001	5076	4337	1	5	7.0.2	139	707	19												
154	40	5	2	/home/xiaoze/Desktop/user_folders/Xiaoze/FRET-FISH/iAM746_20220406_001/a488_040.tif	/home/xiaoze/Desktop/user_folders/Xiaoze/FRET-FISH/iAM746_20220406_001/a594_040.tif	/home/xiaoze/Desktop/user_folders/Xiaoze/FRET-FISH/iAM746_20220406_001/a488fret_040.tif	112	663	8	111.0	655.0	7.0	a488	2819	4638	9870	2	5	7.0.2	111	655	7												
